--
-- PostgreSQL database dump
--

-- Dumped from database version 9.5.7
-- Dumped by pg_dump version 9.5.7

SET statement_timeout = 0;
SET lock_timeout = 0;
SET client_encoding = 'UTF8';
SET standard_conforming_strings = on;
SET check_function_bodies = false;
SET client_min_messages = warning;
SET row_security = off;

--
-- Name: plpgsql; Type: EXTENSION; Schema: -; Owner: -
--

CREATE EXTENSION IF NOT EXISTS plpgsql WITH SCHEMA pg_catalog;


--
-- Name: EXTENSION plpgsql; Type: COMMENT; Schema: -; Owner: -
--

COMMENT ON EXTENSION plpgsql IS 'PL/pgSQL procedural language';


SET search_path = public, pg_catalog;

SET default_tablespace = '';

SET default_with_oids = false;

--
-- Name: auth_group; Type: TABLE; Schema: public; Owner: -
--

CREATE TABLE auth_group (
    id integer NOT NULL,
    name character varying(80) NOT NULL
);


--
-- Name: auth_group_id_seq; Type: SEQUENCE; Schema: public; Owner: -
--

CREATE SEQUENCE auth_group_id_seq
    START WITH 1
    INCREMENT BY 1
    NO MINVALUE
    NO MAXVALUE
    CACHE 1;


--
-- Name: auth_group_id_seq; Type: SEQUENCE OWNED BY; Schema: public; Owner: -
--

ALTER SEQUENCE auth_group_id_seq OWNED BY auth_group.id;


--
-- Name: auth_group_permissions; Type: TABLE; Schema: public; Owner: -
--

CREATE TABLE auth_group_permissions (
    id integer NOT NULL,
    group_id integer NOT NULL,
    permission_id integer NOT NULL
);


--
-- Name: auth_group_permissions_id_seq; Type: SEQUENCE; Schema: public; Owner: -
--

CREATE SEQUENCE auth_group_permissions_id_seq
    START WITH 1
    INCREMENT BY 1
    NO MINVALUE
    NO MAXVALUE
    CACHE 1;


--
-- Name: auth_group_permissions_id_seq; Type: SEQUENCE OWNED BY; Schema: public; Owner: -
--

ALTER SEQUENCE auth_group_permissions_id_seq OWNED BY auth_group_permissions.id;


--
-- Name: auth_permission; Type: TABLE; Schema: public; Owner: -
--

CREATE TABLE auth_permission (
    id integer NOT NULL,
    name character varying(255) NOT NULL,
    content_type_id integer NOT NULL,
    codename character varying(100) NOT NULL
);


--
-- Name: auth_permission_id_seq; Type: SEQUENCE; Schema: public; Owner: -
--

CREATE SEQUENCE auth_permission_id_seq
    START WITH 1
    INCREMENT BY 1
    NO MINVALUE
    NO MAXVALUE
    CACHE 1;


--
-- Name: auth_permission_id_seq; Type: SEQUENCE OWNED BY; Schema: public; Owner: -
--

ALTER SEQUENCE auth_permission_id_seq OWNED BY auth_permission.id;


--
-- Name: auth_user; Type: TABLE; Schema: public; Owner: -
--

CREATE TABLE auth_user (
    id integer NOT NULL,
    password character varying(128) NOT NULL,
    last_login timestamp with time zone,
    is_superuser boolean NOT NULL,
    username character varying(30) NOT NULL,
    first_name character varying(30) NOT NULL,
    last_name character varying(30) NOT NULL,
    email character varying(254) NOT NULL,
    is_staff boolean NOT NULL,
    is_active boolean NOT NULL,
    date_joined timestamp with time zone NOT NULL
);


--
-- Name: auth_user_groups; Type: TABLE; Schema: public; Owner: -
--

CREATE TABLE auth_user_groups (
    id integer NOT NULL,
    user_id integer NOT NULL,
    group_id integer NOT NULL
);


--
-- Name: auth_user_groups_id_seq; Type: SEQUENCE; Schema: public; Owner: -
--

CREATE SEQUENCE auth_user_groups_id_seq
    START WITH 1
    INCREMENT BY 1
    NO MINVALUE
    NO MAXVALUE
    CACHE 1;


--
-- Name: auth_user_groups_id_seq; Type: SEQUENCE OWNED BY; Schema: public; Owner: -
--

ALTER SEQUENCE auth_user_groups_id_seq OWNED BY auth_user_groups.id;


--
-- Name: auth_user_id_seq; Type: SEQUENCE; Schema: public; Owner: -
--

CREATE SEQUENCE auth_user_id_seq
    START WITH 1
    INCREMENT BY 1
    NO MINVALUE
    NO MAXVALUE
    CACHE 1;


--
-- Name: auth_user_id_seq; Type: SEQUENCE OWNED BY; Schema: public; Owner: -
--

ALTER SEQUENCE auth_user_id_seq OWNED BY auth_user.id;


--
-- Name: auth_user_user_permissions; Type: TABLE; Schema: public; Owner: -
--

CREATE TABLE auth_user_user_permissions (
    id integer NOT NULL,
    user_id integer NOT NULL,
    permission_id integer NOT NULL
);


--
-- Name: auth_user_user_permissions_id_seq; Type: SEQUENCE; Schema: public; Owner: -
--

CREATE SEQUENCE auth_user_user_permissions_id_seq
    START WITH 1
    INCREMENT BY 1
    NO MINVALUE
    NO MAXVALUE
    CACHE 1;


--
-- Name: auth_user_user_permissions_id_seq; Type: SEQUENCE OWNED BY; Schema: public; Owner: -
--

ALTER SEQUENCE auth_user_user_permissions_id_seq OWNED BY auth_user_user_permissions.id;


--
-- Name: django_admin_log; Type: TABLE; Schema: public; Owner: -
--

CREATE TABLE django_admin_log (
    id integer NOT NULL,
    action_time timestamp with time zone NOT NULL,
    object_id text,
    object_repr character varying(200) NOT NULL,
    action_flag smallint NOT NULL,
    change_message text NOT NULL,
    content_type_id integer,
    user_id integer NOT NULL,
    CONSTRAINT django_admin_log_action_flag_check CHECK ((action_flag >= 0))
);


--
-- Name: django_admin_log_id_seq; Type: SEQUENCE; Schema: public; Owner: -
--

CREATE SEQUENCE django_admin_log_id_seq
    START WITH 1
    INCREMENT BY 1
    NO MINVALUE
    NO MAXVALUE
    CACHE 1;


--
-- Name: django_admin_log_id_seq; Type: SEQUENCE OWNED BY; Schema: public; Owner: -
--

ALTER SEQUENCE django_admin_log_id_seq OWNED BY django_admin_log.id;


--
-- Name: django_content_type; Type: TABLE; Schema: public; Owner: -
--

CREATE TABLE django_content_type (
    id integer NOT NULL,
    app_label character varying(100) NOT NULL,
    model character varying(100) NOT NULL
);


--
-- Name: django_content_type_id_seq; Type: SEQUENCE; Schema: public; Owner: -
--

CREATE SEQUENCE django_content_type_id_seq
    START WITH 1
    INCREMENT BY 1
    NO MINVALUE
    NO MAXVALUE
    CACHE 1;


--
-- Name: django_content_type_id_seq; Type: SEQUENCE OWNED BY; Schema: public; Owner: -
--

ALTER SEQUENCE django_content_type_id_seq OWNED BY django_content_type.id;


--
-- Name: django_migrations; Type: TABLE; Schema: public; Owner: -
--

CREATE TABLE django_migrations (
    id integer NOT NULL,
    app character varying(255) NOT NULL,
    name character varying(255) NOT NULL,
    applied timestamp with time zone NOT NULL
);


--
-- Name: django_migrations_id_seq; Type: SEQUENCE; Schema: public; Owner: -
--

CREATE SEQUENCE django_migrations_id_seq
    START WITH 1
    INCREMENT BY 1
    NO MINVALUE
    NO MAXVALUE
    CACHE 1;


--
-- Name: django_migrations_id_seq; Type: SEQUENCE OWNED BY; Schema: public; Owner: -
--

ALTER SEQUENCE django_migrations_id_seq OWNED BY django_migrations.id;


--
-- Name: django_session; Type: TABLE; Schema: public; Owner: -
--

CREATE TABLE django_session (
    session_key character varying(40) NOT NULL,
    session_data text NOT NULL,
    expire_date timestamp with time zone NOT NULL
);


--
-- Name: login_lista; Type: TABLE; Schema: public; Owner: -
--

CREATE TABLE login_lista (
    id integer NOT NULL,
    matricula integer NOT NULL,
    nombre character varying(200) NOT NULL,
    ult_periodo character varying(200) NOT NULL,
    tutor character varying(200) NOT NULL,
    avance numeric(4,1) NOT NULL
);


--
-- Name: login_lista_id_seq; Type: SEQUENCE; Schema: public; Owner: -
--

CREATE SEQUENCE login_lista_id_seq
    START WITH 1
    INCREMENT BY 1
    NO MINVALUE
    NO MAXVALUE
    CACHE 1;


--
-- Name: login_lista_id_seq; Type: SEQUENCE OWNED BY; Schema: public; Owner: -
--

ALTER SEQUENCE login_lista_id_seq OWNED BY login_lista.id;


--
-- Name: id; Type: DEFAULT; Schema: public; Owner: -
--

ALTER TABLE ONLY auth_group ALTER COLUMN id SET DEFAULT nextval('auth_group_id_seq'::regclass);


--
-- Name: id; Type: DEFAULT; Schema: public; Owner: -
--

ALTER TABLE ONLY auth_group_permissions ALTER COLUMN id SET DEFAULT nextval('auth_group_permissions_id_seq'::regclass);


--
-- Name: id; Type: DEFAULT; Schema: public; Owner: -
--

ALTER TABLE ONLY auth_permission ALTER COLUMN id SET DEFAULT nextval('auth_permission_id_seq'::regclass);


--
-- Name: id; Type: DEFAULT; Schema: public; Owner: -
--

ALTER TABLE ONLY auth_user ALTER COLUMN id SET DEFAULT nextval('auth_user_id_seq'::regclass);


--
-- Name: id; Type: DEFAULT; Schema: public; Owner: -
--

ALTER TABLE ONLY auth_user_groups ALTER COLUMN id SET DEFAULT nextval('auth_user_groups_id_seq'::regclass);


--
-- Name: id; Type: DEFAULT; Schema: public; Owner: -
--

ALTER TABLE ONLY auth_user_user_permissions ALTER COLUMN id SET DEFAULT nextval('auth_user_user_permissions_id_seq'::regclass);


--
-- Name: id; Type: DEFAULT; Schema: public; Owner: -
--

ALTER TABLE ONLY django_admin_log ALTER COLUMN id SET DEFAULT nextval('django_admin_log_id_seq'::regclass);


--
-- Name: id; Type: DEFAULT; Schema: public; Owner: -
--

ALTER TABLE ONLY django_content_type ALTER COLUMN id SET DEFAULT nextval('django_content_type_id_seq'::regclass);


--
-- Name: id; Type: DEFAULT; Schema: public; Owner: -
--

ALTER TABLE ONLY django_migrations ALTER COLUMN id SET DEFAULT nextval('django_migrations_id_seq'::regclass);


--
-- Name: id; Type: DEFAULT; Schema: public; Owner: -
--

ALTER TABLE ONLY login_lista ALTER COLUMN id SET DEFAULT nextval('login_lista_id_seq'::regclass);


--
-- Data for Name: auth_group; Type: TABLE DATA; Schema: public; Owner: -
--

COPY auth_group (id, name) FROM stdin;
\.


--
-- Name: auth_group_id_seq; Type: SEQUENCE SET; Schema: public; Owner: -
--

SELECT pg_catalog.setval('auth_group_id_seq', 1, false);


--
-- Data for Name: auth_group_permissions; Type: TABLE DATA; Schema: public; Owner: -
--

COPY auth_group_permissions (id, group_id, permission_id) FROM stdin;
\.


--
-- Name: auth_group_permissions_id_seq; Type: SEQUENCE SET; Schema: public; Owner: -
--

SELECT pg_catalog.setval('auth_group_permissions_id_seq', 1, false);


--
-- Data for Name: auth_permission; Type: TABLE DATA; Schema: public; Owner: -
--

COPY auth_permission (id, name, content_type_id, codename) FROM stdin;
1	Can add log entry	1	add_logentry
2	Can change log entry	1	change_logentry
3	Can delete log entry	1	delete_logentry
4	Can add permission	2	add_permission
5	Can change permission	2	change_permission
6	Can delete permission	2	delete_permission
7	Can add group	3	add_group
8	Can change group	3	change_group
9	Can delete group	3	delete_group
10	Can add user	4	add_user
11	Can change user	4	change_user
12	Can delete user	4	delete_user
13	Can add content type	5	add_contenttype
14	Can change content type	5	change_contenttype
15	Can delete content type	5	delete_contenttype
16	Can add session	6	add_session
17	Can change session	6	change_session
18	Can delete session	6	delete_session
19	Can add lista	7	add_lista
20	Can change lista	7	change_lista
21	Can delete lista	7	delete_lista
\.


--
-- Name: auth_permission_id_seq; Type: SEQUENCE SET; Schema: public; Owner: -
--

SELECT pg_catalog.setval('auth_permission_id_seq', 21, true);


--
-- Data for Name: auth_user; Type: TABLE DATA; Schema: public; Owner: -
--

COPY auth_user (id, password, last_login, is_superuser, username, first_name, last_name, email, is_staff, is_active, date_joined) FROM stdin;
3	pbkdf2_sha256$24000$B2KSwo3OhqHP$d9YAKXoZsAbP+8IZr0AdKZn1OqeNIoYbMeai7hQCZus=	2017-05-18 15:17:47.299922-05	f	usuario2			usuario2@gmail.com	f	t	2017-05-18 15:17:39.777884-05
2	pbkdf2_sha256$24000$7LR51rwvSIB5$ci6YD6UlwUJJzLnPzpMjjx5FLuaaVSWqAKssa40kSx8=	2017-05-19 16:45:38.783067-05	f	usuario1			usuario1@gmail.com	f	t	2017-05-18 15:16:55.374514-05
1	pbkdf2_sha256$24000$k3Q2CKfu3kVS$48fFXdsYf6aDDJRNVZObBCPZcXmtz8eswDdBU+RohC8=	2017-06-14 14:13:05.12148-05	t	eddgar			eddgar@gmail.com	t	t	2017-05-18 15:15:58.933093-05
5	pbkdf2_sha256$24000$k6N3i3rOg9QP$a1YumzIkWgLL7jZUqwIkcC9E3DyUHYD5BTm52o/QfB0=	2017-06-14 19:19:33.346985-05	f	Carballido	JOSE LUIS	CARBALLIDO - CARRANZA	carballido@gmail.com	f	t	2017-06-13 22:57:41-05
4	pbkdf2_sha256$24000$bIbyK10OHyb5$nIwDqUVLu0V3xbYJFx79j9bvV2udDkdUeJ69jPtzUG0=	2017-06-14 20:45:34.773375-05	f	Ambrosio	ALMA DELIA	AMBROSIO - VAZQUEZ	ambrosio@gmail.com	f	t	2017-06-13 22:55:40-05
\.


--
-- Data for Name: auth_user_groups; Type: TABLE DATA; Schema: public; Owner: -
--

COPY auth_user_groups (id, user_id, group_id) FROM stdin;
\.


--
-- Name: auth_user_groups_id_seq; Type: SEQUENCE SET; Schema: public; Owner: -
--

SELECT pg_catalog.setval('auth_user_groups_id_seq', 1, false);


--
-- Name: auth_user_id_seq; Type: SEQUENCE SET; Schema: public; Owner: -
--

SELECT pg_catalog.setval('auth_user_id_seq', 5, true);


--
-- Data for Name: auth_user_user_permissions; Type: TABLE DATA; Schema: public; Owner: -
--

COPY auth_user_user_permissions (id, user_id, permission_id) FROM stdin;
\.


--
-- Name: auth_user_user_permissions_id_seq; Type: SEQUENCE SET; Schema: public; Owner: -
--

SELECT pg_catalog.setval('auth_user_user_permissions_id_seq', 1, false);


--
-- Data for Name: django_admin_log; Type: TABLE DATA; Schema: public; Owner: -
--

COPY django_admin_log (id, action_time, object_id, object_repr, action_flag, change_message, content_type_id, user_id) FROM stdin;
1	2017-06-14 13:51:42.558676-05	4	Ambrosio	2	Changed first_name and last_name.	4	1
2	2017-06-14 19:19:22.263829-05	5	Carballido	2	Changed first_name and last_name.	4	1
\.


--
-- Name: django_admin_log_id_seq; Type: SEQUENCE SET; Schema: public; Owner: -
--

SELECT pg_catalog.setval('django_admin_log_id_seq', 2, true);


--
-- Data for Name: django_content_type; Type: TABLE DATA; Schema: public; Owner: -
--

COPY django_content_type (id, app_label, model) FROM stdin;
1	admin	logentry
2	auth	permission
3	auth	group
4	auth	user
5	contenttypes	contenttype
6	sessions	session
7	login	lista
\.


--
-- Name: django_content_type_id_seq; Type: SEQUENCE SET; Schema: public; Owner: -
--

SELECT pg_catalog.setval('django_content_type_id_seq', 7, true);


--
-- Data for Name: django_migrations; Type: TABLE DATA; Schema: public; Owner: -
--

COPY django_migrations (id, app, name, applied) FROM stdin;
1	contenttypes	0001_initial	2017-05-18 15:13:42.773757-05
2	auth	0001_initial	2017-05-18 15:13:43.527422-05
3	admin	0001_initial	2017-05-18 15:13:43.71939-05
4	admin	0002_logentry_remove_auto_add	2017-05-18 15:13:43.76124-05
5	contenttypes	0002_remove_content_type_name	2017-05-18 15:13:43.818753-05
6	auth	0002_alter_permission_name_max_length	2017-05-18 15:13:43.852589-05
7	auth	0003_alter_user_email_max_length	2017-05-18 15:13:43.886337-05
8	auth	0004_alter_user_username_opts	2017-05-18 15:13:43.913975-05
9	auth	0005_alter_user_last_login_null	2017-05-18 15:13:43.952469-05
10	auth	0006_require_contenttypes_0002	2017-05-18 15:13:43.961169-05
11	auth	0007_alter_validators_add_error_messages	2017-05-18 15:13:43.987312-05
12	sessions	0001_initial	2017-05-18 15:13:44.136793-05
13	login	0001_initial	2017-06-13 18:49:46.162329-05
\.


--
-- Name: django_migrations_id_seq; Type: SEQUENCE SET; Schema: public; Owner: -
--

SELECT pg_catalog.setval('django_migrations_id_seq', 13, true);


--
-- Data for Name: django_session; Type: TABLE DATA; Schema: public; Owner: -
--

COPY django_session (session_key, session_data, expire_date) FROM stdin;
nzoccifparejipt57h1alaj8ueuw4een	MTVjNWE3NmMwOGFkMmY5MWY5OWQwMDQyZjhlZjQ4ODY3NDMxODZjODp7Il9hdXRoX3VzZXJfaGFzaCI6IjcxM2IxYjU4MjdkODMzNDQzZDg3NWU1YmQxZDBjNTkxN2QzZDI2YjIiLCJfYXV0aF91c2VyX2JhY2tlbmQiOiJkamFuZ28uY29udHJpYi5hdXRoLmJhY2tlbmRzLk1vZGVsQmFja2VuZCIsIl9hdXRoX3VzZXJfaWQiOiI0In0=	2017-06-28 20:45:34.796921-05
zgrl8jcpln32ng3305c0wnbxi5fla6h6	ZmMwYTYyZDFmNmQ3MTI0NDIyOWNkMWYyZWMyMTNjODY2NWU0ZWRjZjp7Il9hdXRoX3VzZXJfaGFzaCI6ImYxYjVmMDQ2MmEyODMwZWI2ZWJhZGVlYmUxOTBlODI4YjEyMDIzMzMiLCJfYXV0aF91c2VyX2JhY2tlbmQiOiJkamFuZ28uY29udHJpYi5hdXRoLmJhY2tlbmRzLk1vZGVsQmFja2VuZCIsIl9hdXRoX3VzZXJfaWQiOiIxIn0=	2017-06-02 21:23:38.516593-05
\.


--
-- Data for Name: login_lista; Type: TABLE DATA; Schema: public; Owner: -
--

COPY login_lista (id, matricula, nombre, ult_periodo, tutor, avance) FROM stdin;
1	201222957	ABUNDIO JUAREZ MARCO ANTONIO	Primavera 2017	AMBROSIO - VAZQUEZ ALMA DELIA	20.8
2	201201447	ALLENDE OCHOA OSCAR	Primavera 2017	AMBROSIO - VAZQUEZ ALMA DELIA	55.3
3	201210778	BALDERAS MUJICA AZEEM JULIAN	Primavera 2017	AMBROSIO - VAZQUEZ ALMA DELIA	82.7
4	201223168	BERNAL VASQUEZ EDGAR	Verano 2014	AMBROSIO - VAZQUEZ ALMA DELIA	8.6
5	201234031	CANCHOLA JUAREZ FRANCISCO JAVIER	Otoño 2012	AMBROSIO - VAZQUEZ ALMA DELIA	0.0
6	201208094	CASTRO FLORES DAVID	Otoño 2012	AMBROSIO - VAZQUEZ ALMA DELIA	3.9
7	201202729	CONTRERAS PEREZ GUSTAVO ABRAHAM	Primavera 2017	AMBROSIO - VAZQUEZ ALMA DELIA	57.3
8	201240054	CRUZ MATLALCUATZI ESTEFANY	Primavera 2014	AMBROSIO - VAZQUEZ ALMA DELIA	16.1
9	201228138	DE LA TORRE BENITEZ DIEGO	Otoño 2013	AMBROSIO - VAZQUEZ ALMA DELIA	7.1
10	201212603	DOMINGUEZ VENTURA GEOVANNI DE JESUS	Primavera 2017	AMBROSIO - VAZQUEZ ALMA DELIA	43.9
11	201216119	FLORES ACUNA GERSON OSVALDO	Primavera 2017	AMBROSIO - VAZQUEZ ALMA DELIA	69.8
12	201241027	FRUCTUOSO MERCADO FRANCISCO JAVIER	Primavera 2017	AMBROSIO - VAZQUEZ ALMA DELIA	86.7
13	201234795	GARCIA NAVAL ROBERTO	Primavera 2013	AMBROSIO - VAZQUEZ ALMA DELIA	0.0
14	201228516	GOMEZ REYNOSO ISRAEL ISAI	Primavera 2017	AMBROSIO - VAZQUEZ ALMA DELIA	69.0
15	201247016	GONZALEZ RAMIREZ JOSE EDUARDO	Otoño 2012	AMBROSIO - VAZQUEZ ALMA DELIA	2.4
16	201235066	HERNANDEZ ALFARO ARTURO	Otoño 2012	AMBROSIO - VAZQUEZ ALMA DELIA	0.0
17	201228744	HERNANDEZ HERNANDEZ JOSE ALDO	Verano 2015	AMBROSIO - VAZQUEZ ALMA DELIA	5.5
19	201208676	ISLAS ZOQUIAPA ELPIDIA MARIA	Primavera 2017	AMBROSIO - VAZQUEZ ALMA DELIA	88.6
21	201218012	LOPEZ CISNEROS ANGELICA	Primavera 2017	AMBROSIO - VAZQUEZ ALMA DELIA	63.1
22	201211296	LOZANO SANCHEZ MARIA DEL CARMEN	Primavera 2017	AMBROSIO - VAZQUEZ ALMA DELIA	90.6
23	201229231	MARTINEZ ARIAS YAIR MISSAEL	Primavera 2017	AMBROSIO - VAZQUEZ ALMA DELIA	16.5
24	201229316	MENDEZ GONZALEZ JOSE MARIA	Otoño 2012	AMBROSIO - VAZQUEZ ALMA DELIA	3.9
25	201224388	MONTES GONZALEZ ANGEL	Primavera 2013	AMBROSIO - VAZQUEZ ALMA DELIA	2.4
26	201236049	MUÑOZ GARCIA JOSE LUIS	Primavera 2017	AMBROSIO - VAZQUEZ ALMA DELIA	29.8
27	201229682	OROPEZA BENITEZ MAURICIO	Primavera 2017	AMBROSIO - VAZQUEZ ALMA DELIA	49.4
28	201238303	PAYAN QUINTO JORGE LUIS	Primavera 2013	AMBROSIO - VAZQUEZ ALMA DELIA	0.0
29	201243581	PEREZ LUCIANO EMMANUEL FORTINO	Primavera 2017	AMBROSIO - VAZQUEZ ALMA DELIA	78.8
30	201236447	PRADO SERRANO MARCO ANTONIO	Primavera 2017	AMBROSIO - VAZQUEZ ALMA DELIA	20.4
31	201207810	RAMOS BAUTISTA RUBEN ULISES	Primavera 2013	AMBROSIO - VAZQUEZ ALMA DELIA	5.9
33	201220995	ROJAS HURTADO ELEAZAR	Primavera 2014	AMBROSIO - VAZQUEZ ALMA DELIA	24.3
34	201209293	ROSAS SORIANO GABRIEL	Otoño 2013	AMBROSIO - VAZQUEZ ALMA DELIA	5.5
35	201217497	SANCHEZ FUENTES EDGAR	Primavera 2015	AMBROSIO - VAZQUEZ ALMA DELIA	14.1
36	201200227	SANCHEZ RODRIGUEZ NAEROBI ESTHER	Primavera 2017	AMBROSIO - VAZQUEZ ALMA DELIA	78.8
37	201219073	SOSA HERNANDEZ JESSICA	Primavera 2017	AMBROSIO - VAZQUEZ ALMA DELIA	94.5
38	201237282	TELLEZ SALAZAR BEATRIZ	Verano 2013	AMBROSIO - VAZQUEZ ALMA DELIA	5.9
39	201245316	TIBURCIO AGAPITO MARIA KELLY	Primavera 2017	AMBROSIO - VAZQUEZ ALMA DELIA	69.0
40	201237417	TORRES FLORES PEDRO	Primavera 2013	AMBROSIO - VAZQUEZ ALMA DELIA	0.0
41	201245668	VAZQUEZ LUNA HECTOR ANGEL	Verano 2013	AMBROSIO - VAZQUEZ ALMA DELIA	3.9
42	201202320	ALABARDA ZEPEDA DANIEL	Primavera 2014	CARBALLIDO - CARRANZA JOSE LUIS	8.9
43	201227488	ALONSO SAAVEDRA LEVI	Otoño 2014	CARBALLIDO - CARRANZA JOSE LUIS	12.2
44	201207833	BALDERAS SANCHEZ ALAN	Primavera 2017	CARBALLIDO - CARRANZA JOSE LUIS	87.5
45	201227681	BECERRA CASTELAN FERNANDO DE JESUS	Primavera 2017	CARBALLIDO - CARRANZA JOSE LUIS	54.2
46	201220463	CAMPOS FLORES ADRIANA	Primavera 2017	CARBALLIDO - CARRANZA JOSE LUIS	19.6
47	201234117	CORDERO CANO ANGEL DE JESÚS	Primavera 2017	CARBALLIDO - CARRANZA JOSE LUIS	46.9
48	201239382	DE LA ROSA RIVERA ADRIANA	Otoño 2012	CARBALLIDO - CARRANZA JOSE LUIS	0.7
49	201231060	ELIZALDE VAZQUEZ ABEL	Otoño 2012	CARBALLIDO - CARRANZA JOSE LUIS	0.0
50	201225427	FLORES MUNOZ BRENDA NAYELI	Primavera 2017	CARBALLIDO - CARRANZA JOSE LUIS	68.3
51	201248437	GARCIA CARREON INGRID GUADALUPE	Verano 2014	CARBALLIDO - CARRANZA JOSE LUIS	3.7
52	201212661	GARCIA LICONA JESUS	Primavera 2017	CARBALLIDO - CARRANZA JOSE LUIS	83.8
53	201241140	GARITA GOIZ EDGAR	Otoño 2013	CARBALLIDO - CARRANZA JOSE LUIS	12.2
54	201234703	GONZALEZ MARTINEZ LUIS	Primavera 2015	CARBALLIDO - CARRANZA JOSE LUIS	14.0
55	201228804	HERRERA ROJAS ERENDIRA GEORGINA	Primavera 2013	CARBALLIDO - CARRANZA JOSE LUIS	8.9
56	201228960	JIMENEZ RAMIREZ DANIEL CUTBERTO	Otoño 2016	CARBALLIDO - CARRANZA JOSE LUIS	9.6
58	201235332	LOPEZ CHINCOYA LUIS ENRIQUE	Primavera 2013	CARBALLIDO - CARRANZA JOSE LUIS	7.7
59	201229477	MAGNO CASTILLO JOSUE ISRAEL	Primavera 2017	CARBALLIDO - CARRANZA JOSE LUIS	23.2
60	201243223	MARROQUIN CASTILLEJOS IVAN	Otoño 2012	CARBALLIDO - CARRANZA JOSE LUIS	2.2
61	201235955	MENESES ZARATE ALBERTO ISAAC	Primavera 2014	CARBALLIDO - CARRANZA JOSE LUIS	2.2
62	201239076	MEZA SEDENO ALEJANDRO	Primavera 2014	CARBALLIDO - CARRANZA JOSE LUIS	5.2
63	201229576	MONTES SALGADO JESUS ALEJANDRO	Otoño 2012	CARBALLIDO - CARRANZA JOSE LUIS	0.0
64	201206645	MORENO TORIZ ZARETH GISELLE	Primavera 2017	CARBALLIDO - CARRANZA JOSE LUIS	65.3
65	201236207	ORTIZ ACAMETITLA JOSUE JAVIER	Otoño 2012	CARBALLIDO - CARRANZA JOSE LUIS	4.8
66	201236260	PERCINO QUIROZ CARLOS IVAN	Primavera 2017	CARBALLIDO - CARRANZA JOSE LUIS	85.6
67	201213917	PEREZ RAMOS JHOCSAN MIGUEL	Otoño 2014	CARBALLIDO - CARRANZA JOSE LUIS	14.0
69	201244217	RAMIREZ CORTES MARIELA	Primavera 2017	CARBALLIDO - CARRANZA JOSE LUIS	70.8
70	201219921	REYES MONTERO ANTONIO ALFREDO	Otoño 2016	CARBALLIDO - CARRANZA JOSE LUIS	100.4
71	201236696	ROJAS PEREZ ISABEL	Primavera 2013	CARBALLIDO - CARRANZA JOSE LUIS	8.5
72	201214313	ROSETE SERES ANDRES ESTEFANO	Primavera 2015	CARBALLIDO - CARRANZA JOSE LUIS	5.2
73	201240898	SANCHEZ MEZA IGNACIO	Primavera 2015	CARBALLIDO - CARRANZA JOSE LUIS	21.0
74	201224996	SARMIENTO SANTIAGO CESAR	Primavera 2014	CARBALLIDO - CARRANZA JOSE LUIS	10.3
75	201238510	SYMOR RODRIGUEZ RICARDO	Primavera 2017	CARBALLIDO - CARRANZA JOSE LUIS	49.1
76	201237339	TORRES HOYOS FRANCISCO JAVIER	Primavera 2017	CARBALLIDO - CARRANZA JOSE LUIS	69.0
77	201245507	VAZQUEZ HERRERA DULCE VIVIANA	Otoño 2012	CARBALLIDO - CARRANZA JOSE LUIS	0.0
78	201230879	XICALE HUITZIL ELIAS FELIPE	Primavera 2013	CARBALLIDO - CARRANZA JOSE LUIS	8.5
79	201242556	XOCHITEMOL TZOMPANTZI MIGUEL ANGEL	Primavera 2017	CARBALLIDO - CARRANZA JOSE LUIS	59.8
80	201209551	AGUILA SALAMANCA MONSERRAT	Otoño 2016	CASTILLO - ZACATELCO HILDA	76.9
81	201213780	ALVARADO RODRIGUEZ VLADIMIR	Primavera 2013	CASTILLO - ZACATELCO HILDA	4.3
82	201211148	ARGUELLES MENESES MONSERRAT	Otoño 2014	CASTILLO - ZACATELCO HILDA	14.9
83	201240056	BAROJAS GARCIA SEBASTIAN ORLANDO	Verano 2013	CASTILLO - ZACATELCO HILDA	0.0
84	201237780	BLANCO BRAVO JOSE GERARDO	Otoño 2012	CASTILLO - ZACATELCO HILDA	0.0
86	201240344	CEBADA MEDINA JUAN VICENTE	Otoño 2015	CASTILLO - ZACATELCO HILDA	15.3
87	201227902	CONTRERAS SUAREZ ANGEL	Primavera 2017	CASTILLO - ZACATELCO HILDA	78.8
89	201237902	DE LA VEGA ESCOBAR CESAR CARLOS	Primavera 2013	CASTILLO - ZACATELCO HILDA	5.9
90	201240585	DOMINGUEZ ZENTENO RODOLFO	Primavera 2017	CASTILLO - ZACATELCO HILDA	27.8
91	201202780	FLORES CRUZ ISRAEL	Primavera 2017	CASTILLO - ZACATELCO HILDA	62.0
92	201240607	FUENTES SANTAMARIA MIGUEL ANGEL	Otoño 2012	CASTILLO - ZACATELCO HILDA	0.0
93	201228629	GARCIA PINEDA LAURA PATRICIA	Verano 2015	CASTILLO - ZACATELCO HILDA	11.0
94	201241566	GONZALEZ BALBUENA BERTIN	Primavera 2014	CASTILLO - ZACATELCO HILDA	14.9
95	201228854	HERNANDEZ ANGELES RAFAEL ERICK	Primavera 2015	CASTILLO - ZACATELCO HILDA	20.4
96	201219715	HERNANDEZ LUNA NADIA ANGELICA	Primavera 2017	CASTILLO - ZACATELCO HILDA	88.6
97	201221859	HERRERA SANCHEZ FRANCO ALDAIR	Primavera 2017	CASTILLO - ZACATELCO HILDA	67.1
99	201216769	LEDO MORENO OMAR GONZALO	Primavera 2017	CASTILLO - ZACATELCO HILDA	92.5
100	201215130	LOPEZ CONTRERAS ERICK	Primavera 2014	CASTILLO - ZACATELCO HILDA	16.5
101	201224122	LOZANO VALENCIA ALVARO	Primavera 2014	CASTILLO - ZACATELCO HILDA	12.9
102	201235903	MARTINEZ CARVALLO RICARDO	Primavera 2017	CASTILLO - ZACATELCO HILDA	20.4
103	201235676	MENDIETA GUTIERREZ ROQUE DANIEL	Primavera 2017	CASTILLO - ZACATELCO HILDA	86.7
104	201206168	MORA FLORES JOSE LUIS	Primavera 2017	CASTILLO - ZACATELCO HILDA	84.7
105	201222077	MUÑOZ MORALES DAVID EFRAIN	Primavera 2017	CASTILLO - ZACATELCO HILDA	84.7
106	201238269	OROPEZA GONZALEZ CARMEN	Primavera 2013	CASTILLO - ZACATELCO HILDA	5.9
107	201201415	PEREZ CUETO DAMARIS ARELY	Primavera 2017	CASTILLO - ZACATELCO HILDA	88.6
108	201204652	PEREZ MENDOZA ERVIC	Primavera 2017	CASTILLO - ZACATELCO HILDA	84.7
109	201201066	PROAL POZOS LUIS GABRIEL	Verano 2013	CASTILLO - ZACATELCO HILDA	0.8
110	201236826	RAMOS ESCALANTE ARACELI	Otoño 2015	CASTILLO - ZACATELCO HILDA	31.8
111	201224858	RIVAS PEREZ DANIEL ALBERTO	Primavera 2017	CASTILLO - ZACATELCO HILDA	84.7
112	201224772	ROJAS LOPEZ MONSERRAT PILAR	Primavera 2017	CASTILLO - ZACATELCO HILDA	78.8
113	201236779	RUIZ APARICIO FERNANDO MANUEL	Otoño 2012	CASTILLO - ZACATELCO HILDA	0.0
114	201244658	SANCHEZ GALINDO LUIS ALBERTO	Verano 2015	CASTILLO - ZACATELCO HILDA	26.3
115	201245058	SANCHEZ GONZALEZ LUIS ALBERTO	Verano 2013	CASTILLO - ZACATELCO HILDA	0.0
116	201222650	SANCHEZ SANCHEZ ABEL	Primavera 2016	CASTILLO - ZACATELCO HILDA	7.5
117	201230481	SUAREZ BELLO ENRIQUE	Primavera 2017	CASTILLO - ZACATELCO HILDA	23.9
118	201211490	TELLO HUIXTLACA FRANCISCO	Primavera 2013	CASTILLO - ZACATELCO HILDA	4.3
119	201237344	TORRES RAMIREZ JAVIER	Otoño 2016	CASTILLO - ZACATELCO HILDA	7.1
120	201210761	VAZQUEZ MADRID FERNANDO	Primavera 2015	CASTILLO - ZACATELCO HILDA	15.3
121	201208543	AGUILAR BRAVO MARCELO	Primavera 2017	CASTRO - CARDONA MAURICIO	84.7
122	201240114	ALVAREZ APARICIO SALVADOR	Otoño 2012	CASTRO - CARDONA MAURICIO	1.6
124	201234270	BARRAGAN DIAZ MAURICIO	Otoño 2014	CASTRO - CARDONA MAURICIO	16.5
125	201227733	BLANCO CORONA HIRAM	Primavera 2017	CASTRO - CARDONA MAURICIO	25.9
126	201217801	CARRASCO MARQUEZ OSCAR SAUL	Verano 2016	CASTRO - CARDONA MAURICIO	9.0
127	201223268	CEREZO JUAREZ SION ABIAZAPH	Primavera 2017	CASTRO - CARDONA MAURICIO	76.9
128	201201393	CORONA HERNANDEZ CARLOS EDUARDO	Primavera 2017	CASTRO - CARDONA MAURICIO	80.8
129	201214163	CRUZ VELEZ ANDREA	Primavera 2017	CASTRO - CARDONA MAURICIO	23.9
130	201212600	DE SANTIAGO VILLEGAS RAUL	Primavera 2013	CASTRO - CARDONA MAURICIO	5.9
131	201240781	DUARTE MORENO ROGELIO	Primavera 2013	CASTRO - CARDONA MAURICIO	3.1
132	201223569	FLORES DURAN ALEJANDRO	Primavera 2017	CASTRO - CARDONA MAURICIO	23.9
133	201228421	GALLARDO JAIMES RENATA KAREN	Primavera 2017	CASTRO - CARDONA MAURICIO	65.1
134	201223681	GARCIA PORTUGAL JOSE MANUEL	Primavera 2014	CASTRO - CARDONA MAURICIO	6.7
135	201234857	GONZALEZ CAMACHO MARIAN	Primavera 2014	CASTRO - CARDONA MAURICIO	11.0
136	201234715	GONZALEZ REYES DANIEL	Primavera 2017	CASTRO - CARDONA MAURICIO	55.3
137	201216422	GONZALEZ VICTORIA JOSE LUIS	Primavera 2017	CASTRO - CARDONA MAURICIO	44.3
138	201235069	HERNANDEZ AQUINO ERICK FRANCISCO	Primavera 2017	CASTRO - CARDONA MAURICIO	53.3
139	201228839	HERNANDEZ MARTINEZ ALDO	Primavera 2014	CASTRO - CARDONA MAURICIO	1.6
140	201218825	HIDALGO CRUZ DAVID	Primavera 2017	CASTRO - CARDONA MAURICIO	5.5
141	201239017	JIMENEZ GARCIA JOSE EMMANUEL	Verano 2013	CASTRO - CARDONA MAURICIO	0.0
142	201242851	LEMUS OLIN JESUS	Primavera 2013	CASTRO - CARDONA MAURICIO	5.9
143	201201599	LOPEZ GARCIA GERARDO EDMUNDO	Primavera 2017	CASTRO - CARDONA MAURICIO	18.8
144	201209735	LUNA CARREON LUIS ENRIQUE	Primavera 2017	CASTRO - CARDONA MAURICIO	59.2
145	201208224	MARTINEZ CONTRERAS JENYFER	Primavera 2017	CASTRO - CARDONA MAURICIO	76.9
146	201229337	MENDOZA CHAZARI JULIO CESAR	Otoño 2016	CASTRO - CARDONA MAURICIO	20.4
148	201243099	NOLASCO BAUTISTA HEDI	Otoño 2014	CASTRO - CARDONA MAURICIO	11.0
227	201239121	MORALES PACHECO TANIA	Verano 2013	CONTRERAS - JUAREZ ROBERTO	0.0
149	201229688	ORTEGA AGUILAR XOCHITL GABRIELA	Primavera 2017	CASTRO - CARDONA MAURICIO	9.0
150	201218394	PEREZ DIEGO MONICA KAREM	Primavera 2013	CASTRO - CARDONA MAURICIO	3.9
151	201214786	PEREZ MORENO ADRIANA	Verano 2013	CASTRO - CARDONA MAURICIO	3.1
152	201236476	QUECHOL SOLAR JUAN PABLO	Otoño 2016	CASTRO - CARDONA MAURICIO	10.6
153	201212888	RAMOS GONZALEZ OMAR ENRIQUE	Primavera 2017	CASTRO - CARDONA MAURICIO	69.8
154	201215862	RIVERA CASTILLO ARMANDO	Primavera 2017	CASTRO - CARDONA MAURICIO	47.5
155	201222263	ROJAS PARRA MARIELA	Primavera 2017	CASTRO - CARDONA MAURICIO	78.8
156	201236787	RUIZ PEREZ MIGUEL ANGEL	Primavera 2013	CASTRO - CARDONA MAURICIO	7.1
158	201225067	SUAREZ MORALES JONATHAN JAVIER	Verano 2016	CASTRO - CARDONA MAURICIO	23.9
159	201212291	TEMAXTE ROMERO ALBERTO	Primavera 2017	CASTRO - CARDONA MAURICIO	57.3
160	201245568	TORRES RODRIGUEZ DULCE MARIA	Primavera 2016	CASTRO - CARDONA MAURICIO	23.9
161	201208361	VAZQUEZ SANCHEZ ANDONI JOB	Primavera 2017	CASTRO - CARDONA MAURICIO	87.8
162	201220383	AGUILAR CABANAS ARIADNA SARAI	Otoño 2012	CHAVIRA - MARTINEZ ELSA	4.3
163	201233324	ALVAREZ DOMINGUEZ RAUL	Primavera 2017	CHAVIRA - MARTINEZ ELSA	69.0
164	201220426	ARMENTA CASTILLO EDGAR EDWIN	Primavera 2015	CHAVIRA - MARTINEZ ELSA	18.0
166	201233689	BLANCO PALACIOS ALDO	Primavera 2014	CHAVIRA - MARTINEZ ELSA	12.5
167	201216061	CARREON ARRIAGA LEONARDO	Otoño 2015	CHAVIRA - MARTINEZ ELSA	12.5
168	201240491	CEREZO TORRES NOEMI	Primavera 2017	CHAVIRA - MARTINEZ ELSA	57.3
169	201220532	CORONA REYES HECTOR JESUS	Primavera 2017	CHAVIRA - MARTINEZ ELSA	23.9
170	201231033	CUAHUTENCOS TREJO OLIVER	Primavera 2017	CHAVIRA - MARTINEZ ELSA	75.3
171	201205211	DIAZ AMADOR ISRAEL	Primavera 2015	CHAVIRA - MARTINEZ ELSA	23.9
172	201223487	DURAN SORIANO JULIO CESAR	Primavera 2017	CHAVIRA - MARTINEZ ELSA	82.7
173	201219677	GALLEGOS CUELLAR BRENT	Primavera 2017	CHAVIRA - MARTINEZ ELSA	43.5
174	201234816	GARCIA VELAZQUEZ GERARDO	Primavera 2017	CHAVIRA - MARTINEZ ELSA	80.8
175	201241255	GONZALEZ CASTILLO ALEJANDRO	Primavera 2017	CHAVIRA - MARTINEZ ELSA	45.5
176	201237988	GONZALEZ ZAVALETA CARLOS AUGUSTO	Primavera 2017	CHAVIRA - MARTINEZ ELSA	16.1
177	201212159	HERNANDEZ BADILLO OSCAR KALEB	Primavera 2017	CHAVIRA - MARTINEZ ELSA	76.9
178	201238046	HERNANDEZ MARTINEZ JOSE DE JESUS	Primavera 2014	CHAVIRA - MARTINEZ ELSA	5.9
179	201223892	HUEPA CASTILLO JOSE MANUEL	Primavera 2017	CHAVIRA - MARTINEZ ELSA	59.2
180	201228947	JUAREZ VALENCIA MARTHA GUADALUPE	Verano 2015	CHAVIRA - MARTINEZ ELSA	14.9
181	201214234	LEON COYOPOTL ABIGAIL	Verano 2013	CHAVIRA - MARTINEZ ELSA	9.0
182	201224135	LOPEZ GUTIERREZ LUIS ALFREDO	Primavera 2017	CHAVIRA - MARTINEZ ELSA	65.1
185	201200811	MENDOZA LLANOS PEDRO ALEXIS	Verano 2014	CHAVIRA - MARTINEZ ELSA	16.5
186	201243883	MORALES LOPEZ EDGAR	Otoño 2014	CHAVIRA - MARTINEZ ELSA	9.0
187	201224444	NUNEZ GARCIA ERIKA	Primavera 2013	CHAVIRA - MARTINEZ ELSA	4.3
188	201222153	ORTIZ CHAMORRO ANDREW	Primavera 2015	CHAVIRA - MARTINEZ ELSA	16.1
189	201243637	PEREZ ENRIQUEZ ISRAEL	Otoño 2016	CHAVIRA - MARTINEZ ELSA	16.5
190	201243490	PEREZ RIVERA MARIO	Primavera 2017	CHAVIRA - MARTINEZ ELSA	55.3
191	201229948	QUECHOLAC ZAMBRANO DIANA	Primavera 2017	CHAVIRA - MARTINEZ ELSA	49.4
192	201224702	REMIGIO MARIANO VALENTIN	Primavera 2017	CHAVIRA - MARTINEZ ELSA	72.9
193	201216328	ROBLEDO FLORES MERCEDES	Primavera 2017	CHAVIRA - MARTINEZ ELSA	53.3
194	201236698	ROJAS PEREZ JONATAN	Otoño 2015	CHAVIRA - MARTINEZ ELSA	18.0
195	201217467	RUIZ SANCHEZ JOSE ANTONIO	Primavera 2017	CHAVIRA - MARTINEZ ELSA	88.6
196	201202143	SANCHEZ GUERRERO ALEJANDRA	Primavera 2017	CHAVIRA - MARTINEZ ELSA	78.8
197	201237192	SANTAMARIA RAMIREZ LORENA	Primavera 2017	CHAVIRA - MARTINEZ ELSA	67.1
198	201204114	SUSANO CARMONA MIGUEL MANUEL	Primavera 2016	CHAVIRA - MARTINEZ ELSA	12.9
199	201206713	TEPEPA CARRASCO EMMANUEL	Otoño 2014	CHAVIRA - MARTINEZ ELSA	9.0
200	201237365	TREJO ESCUDERO JUAN CARLOS	Primavera 2013	CHAVIRA - MARTINEZ ELSA	4.3
201	201225264	VERA VELAZQUEZ LUIS ADRIAN	Otoño 2012	CHAVIRA - MARTINEZ ELSA	4.3
202	201222974	AGUIRRE AGUAS CRISTIAN	Primavera 2017	CONTRERAS - JUAREZ ROBERTO	74.9
203	201214129	ALVAREZ MARTINEZ ERIKA	Primavera 2017	CONTRERAS - JUAREZ ROBERTO	84.7
204	201213775	AROCHE TORRES CARLOS ALBERTO	Primavera 2013	CONTRERAS - JUAREZ ROBERTO	3.9
205	201214974	BARRERA VILLA JOSE LUIS	Primavera 2017	CONTRERAS - JUAREZ ROBERTO	80.8
206	201210213	BRAVO MENDOZA IVAN	Primavera 2017	CONTRERAS - JUAREZ ROBERTO	76.9
207	201233793	CARVAJAL MORENO MONTSERRAT	Primavera 2017	CONTRERAS - JUAREZ ROBERTO	86.7
208	201240473	CHAVEZ BENAVIDES BRAYAN	Primavera 2017	CONTRERAS - JUAREZ ROBERTO	76.9
209	201206806	CORRO FUENTES FRIDA	Primavera 2017	CONTRERAS - JUAREZ ROBERTO	78.8
210	201220509	CUATRA TZITZIHUA JESUS NERI		CONTRERAS - JUAREZ ROBERTO	0.0
211	201204541	DIAZ BAUTISTA ARTURO	Primavera 2017	CONTRERAS - JUAREZ ROBERTO	10.6
212	201237916	ESCALONA CASTILLO JOSE LUIS	Otoño 2012	CONTRERAS - JUAREZ ROBERTO	1.6
213	201241139	FLORES PENA FRANCISCO	Primavera 2013	CONTRERAS - JUAREZ ROBERTO	0.0
214	201201556	GARCIA ANDRADE JOSE JULIAN	Primavera 2017	CONTRERAS - JUAREZ ROBERTO	92.5
215	201217925	GARCIA CARLOS ALBERTO	Primavera 2017	CONTRERAS - JUAREZ ROBERTO	74.9
216	201241217	GONZALEZ HERNANDEZ MARIA MARLENE	Primavera 2017	CONTRERAS - JUAREZ ROBERTO	59.2
217	201218805	GUERRERO CONTRERAS SHARYFF	Otoño 2016	CONTRERAS - JUAREZ ROBERTO	14.1
218	201213465	HERNANDEZ CASQUERA ANA LAURA	Primavera 2014	CONTRERAS - JUAREZ ROBERTO	20.4
219	201241737	HERNANDEZ MENESES JAIR	Primavera 2017	CONTRERAS - JUAREZ ROBERTO	12.5
220	201221865	HUERTA RAMIREZ IVAN	Otoño 2015	CONTRERAS - JUAREZ ROBERTO	9.0
221	201228976	JUAREZ ZEPEDA ADRIAN	Primavera 2017	CONTRERAS - JUAREZ ROBERTO	55.7
222	201242103	LEZAMA CARRASCO LUIS HUMBERTO	Primavera 2017	CONTRERAS - JUAREZ ROBERTO	86.7
223	201221945	LOPEZ HERRERA EDGAR	Otoño 2016	CONTRERAS - JUAREZ ROBERTO	96.5
224	201229169	LUNA SANCHEZ JUAN	Primavera 2017	CONTRERAS - JUAREZ ROBERTO	65.1
226	201206898	MERINO RODRIGUEZ ISABEL	Primavera 2014	CONTRERAS - JUAREZ ROBERTO	14.1
228	201217383	OLAYA TEPAL JOSE LUIS	Otoño 2015	CONTRERAS - JUAREZ ROBERTO	53.3
229	201222604	ORTIZ HERRERA ISMAEL	Verano 2014	CONTRERAS - JUAREZ ROBERTO	13.3
230	201215231	PEREZ GRESS DANIA AIMEE	Primavera 2017	CONTRERAS - JUAREZ ROBERTO	16.1
231	201243380	PEREZ ZAVALA MARTIN	Primavera 2013	CONTRERAS - JUAREZ ROBERTO	1.6
232	201208901	RAMIREZ ESPINOZA MARTIN EDUARDO	Primavera 2013	CONTRERAS - JUAREZ ROBERTO	1.6
233	201222292	REYES GONZALEZ BENJAMIN	Otoño 2014	CONTRERAS - JUAREZ ROBERTO	20.0
234	201236892	RODRIGUEZ MEJIA ADRIAN	Primavera 2017	CONTRERAS - JUAREZ ROBERTO	22.4
235	201207281	ROJAS SANTIAGO LUCERO	Primavera 2017	CONTRERAS - JUAREZ ROBERTO	76.9
236	201236963	SALAS LANCHO MARIA ISABEL	Primavera 2015	CONTRERAS - JUAREZ ROBERTO	16.1
237	201245188	SANCHEZ HERNANDEZ ALEXIS	Primavera 2017	CONTRERAS - JUAREZ ROBERTO	52.9
238	201221030	SEDANO JIMENEZ LEONARDO NOE	Primavera 2017	CONTRERAS - JUAREZ ROBERTO	23.9
239	201216375	TAPIA PALACIOS ALBERTO	Primavera 2017	CONTRERAS - JUAREZ ROBERTO	78.8
240	201221074	TIRADO GARCIA GERARDO	Otoño 2013	CONTRERAS - JUAREZ ROBERTO	7.5
241	201230735	VALENCIA VELEZ RICARDO	Primavera 2017	CONTRERAS - JUAREZ ROBERTO	76.9
242	201220078	YANEZ MONTIEL EDUARDO	Primavera 2017	CONTRERAS - JUAREZ ROBERTO	55.3
243	201239761	ALCAZAR MORELOS CANDIDO	Primavera 2017	DE LA ROSA - FLORES RAFAEL	49.4
244	201200103	ALVAREZ OTHEO JOSE MANUEL	Primavera 2017	DE LA ROSA - FLORES RAFAEL	69.0
246	201221488	BARRRERA ARANA ADAN		DE LA ROSA - FLORES RAFAEL	0.0
247	201212517	CABRERA CUAUTLE CLARA	Primavera 2017	DE LA ROSA - FLORES RAFAEL	72.9
248	201211671	CASTILLO CARCANO EDUARDO MIGUEL	Primavera 2017	DE LA ROSA - FLORES RAFAEL	57.3
249	201225374	CISNEROS CORTES LUZ RAQUEL	Primavera 2013	DE LA ROSA - FLORES RAFAEL	7.5
250	201218669	COSME FERNANDEZ JOSE ANTONIO	Primavera 2013	DE LA ROSA - FLORES RAFAEL	2.4
251	201223507	DAVILA MARQUEZ CLAUDIA	Primavera 2017	DE LA ROSA - FLORES RAFAEL	72.9
252	201211208	DIAZ RAMOS JOSAFAD	Primavera 2017	DE LA ROSA - FLORES RAFAEL	20.0
253	201221663	ESPINOZA MONRROY ENRIQUE	Primavera 2017	DE LA ROSA - FLORES RAFAEL	86.7
254	201210338	FLORES RAMIREZ PEDRO ARTURO	Primavera 2017	DE LA ROSA - FLORES RAFAEL	80.8
255	201208153	GARCIA CALDERON OSCAR URIEL	Primavera 2017	DE LA ROSA - FLORES RAFAEL	26.7
256	201210355	GOMEZ COETO JOSE ALFONSO	Primavera 2017	DE LA ROSA - FLORES RAFAEL	65.1
257	201241332	GONZALEZ LUNA MARIA DEL ROSARIO	Otoño 2012	DE LA ROSA - FLORES RAFAEL	0.0
258	201228599	GUTIERREZ RAMIREZ RODRIGO	Primavera 2015	DE LA ROSA - FLORES RAFAEL	9.0
259	201223837	HERNANDEZ GARCIA AIMEE CECILIA	Primavera 2017	DE LA ROSA - FLORES RAFAEL	80.8
260	201208384	HERNANDEZ ROJAS SEBASTIAN ALEJANDRO	Primavera 2013	DE LA ROSA - FLORES RAFAEL	1.6
261	201215104	HUETLE FIGUEROA JUAN MANUEL	Primavera 2017	DE LA ROSA - FLORES RAFAEL	92.5
262	201231201	LARA GARCIA SALVATORE AUGENTHALER	Otoño 2016	DE LA ROSA - FLORES RAFAEL	22.0
263	201231214	LINARES TORAYA DAVID	Otoño 2012	DE LA ROSA - FLORES RAFAEL	2.4
264	201229080	LOPEZ REYES MARIO IVAN	Primavera 2013	DE LA ROSA - FLORES RAFAEL	2.4
265	201229188	MADRID DESIDERIO ENRIQUE	Primavera 2017	DE LA ROSA - FLORES RAFAEL	71.0
266	201238180	MARTINEZ TORRES JOSE ANTONIO	Primavera 2013	DE LA ROSA - FLORES RAFAEL	2.7
267	201235720	MIRANDA SIERRA CARLOS JAIR	Otoño 2015	DE LA ROSA - FLORES RAFAEL	7.5
268	201235819	MORENO CASTRO RODRIGO	Primavera 2016	DE LA ROSA - FLORES RAFAEL	30.2
269	201224482	OLGUIN SANDOVAL LUIS ALFREDO	Otoño 2015	DE LA ROSA - FLORES RAFAEL	16.9
270	201220884	PALALIA MORALES MARY CRUZ	Primavera 2017	DE LA ROSA - FLORES RAFAEL	82.7
271	201245695	PEREZ GUTIERREZ ALAN GERARDO	Primavera 2014	DE LA ROSA - FLORES RAFAEL	2.4
272	201209269	POPOCA ANIMAS MARCOS SAUL	Otoño 2014	DE LA ROSA - FLORES RAFAEL	7.5
273	201217432	RAMIREZ RIVERA JONATHAN	Otoño 2012	DE LA ROSA - FLORES RAFAEL	0.0
274	201236579	REYES LOPEZ GERARDO	Primavera 2013	DE LA ROSA - FLORES RAFAEL	0.0
275	201231378	RODRIGUEZ RAMIREZ IRWIN ASHLEY	Primavera 2017	DE LA ROSA - FLORES RAFAEL	12.9
276	201224895	ROMERO LOMA LUIS FELIPE	Primavera 2017	DE LA ROSA - FLORES RAFAEL	42.0
277	201230488	SALAZAR BARTOLO IVAN	Primavera 2017	DE LA ROSA - FLORES RAFAEL	47.8
278	201209308	SANCHEZ MARTINEZ BRENDA IVONNE	Verano 2016	DE LA ROSA - FLORES RAFAEL	14.1
279	201244868	SERRANO PEREZ TRINIDAD SERGIO	Primavera 2017	DE LA ROSA - FLORES RAFAEL	24.3
280	201200910	TECPA HERNANDEZ MIRIAM	Primavera 2017	DE LA ROSA - FLORES RAFAEL	51.4
281	201202514	TOLEDO CANO ITZEL YURENNI	Primavera 2014	DE LA ROSA - FLORES RAFAEL	12.5
282	201245120	VARGAS GARCIA OSCAR	Primavera 2013	DE LA ROSA - FLORES RAFAEL	2.4
283	201233355	ANDRADE CUEVAS ERICK	Primavera 2017	GALICIA - HERNANDEZ YALU	74.9
285	201200377	BELLO SUAREZ OSCAR ROLANDO	Primavera 2016	GALICIA - HERNANDEZ YALU	14.9
286	201211666	CAMPOS GODINEZ OSWALDO	Otoño 2013	GALICIA - HERNANDEZ YALU	12.9
287	201223257	CASTILLO LUNA FIDENCIO	Primavera 2017	GALICIA - HERNANDEZ YALU	47.5
288	201205546	COCA ORTEGA JORGE IVAN	Otoño 2015	GALICIA - HERNANDEZ YALU	24.3
289	201227943	CRUZ BALTAZARES LUIS RAZIEL	Primavera 2013	GALICIA - HERNANDEZ YALU	1.6
290	201202373	DE ITA HERNANDEZ DARINA LILU	Primavera 2017	GALICIA - HERNANDEZ YALU	81.2
291	201237907	DIAZ REYES ANTONIO	Primavera 2014	GALICIA - HERNANDEZ YALU	18.4
292	201223529	ESPINOZA ROLDAN ALDO JAVIER	Primavera 2017	GALICIA - HERNANDEZ YALU	72.9
293	201211722	FOSADO GUZMAN HANIEL MOISES	Verano 2014	GALICIA - HERNANDEZ YALU	3.9
294	201215657	GARCIA CARMONA ALEJANDRO	Primavera 2017	GALICIA - HERNANDEZ YALU	88.6
295	201223705	GOMEZ CORTES LUIS DAVID	Otoño 2016	GALICIA - HERNANDEZ YALU	16.9
296	201205599	GONZALEZ MORALES ADRIANA	Primavera 2017	GALICIA - HERNANDEZ YALU	88.6
297	201241710	GUTIERREZ RAMOS JOSE ANGEL	Primavera 2017	GALICIA - HERNANDEZ YALU	51.4
298	201238040	HERNANDEZ GONZALEZ MARTIN	Otoño 2013	GALICIA - HERNANDEZ YALU	4.3
299	201211752	HERNANDEZ ROSILES MARIA ISABEL	Primavera 2017	GALICIA - HERNANDEZ YALU	74.9
300	201223960	IBANEZ ARRIETA DANIEL	Primavera 2017	GALICIA - HERNANDEZ YALU	87.8
301	201221968	LARA SANCHEZ JESUS MANUEL	Primavera 2017	GALICIA - HERNANDEZ YALU	45.9
302	201239046	LOPEZ AGUILAR ANTONIO MAXIMILIANO	Primavera 2017	GALICIA - HERNANDEZ YALU	22.7
303	201211300	LOPEZ ROSAS JOAQUIN EDGAR	Otoño 2014	GALICIA - HERNANDEZ YALU	2.0
304	201242621	MARCELINO ARANDA URIEL	Primavera 2013	GALICIA - HERNANDEZ YALU	7.5
306	201224253	MOCTEZUMA MENDOZA MARIO	Primavera 2017	GALICIA - HERNANDEZ YALU	61.6
307	201210513	MORENO MONTIEL MISAEL	Primavera 2013	GALICIA - HERNANDEZ YALU	4.3
308	201236190	OLVERA FORTIS MARTIN DE JESUS	Verano 2016	GALICIA - HERNANDEZ YALU	11.0
309	201218987	PALALIA ROJAS ANA DELFINA	Primavera 2017	GALICIA - HERNANDEZ YALU	76.9
310	201229811	PEREZ JUAREZ LORENA	Verano 2014	GALICIA - HERNANDEZ YALU	10.6
311	201207781	PORRAS DE LA ROSA LUIS ENRIQUE	Primavera 2017	GALICIA - HERNANDEZ YALU	55.3
312	201236534	RAMIREZ ROJAS RODOLFO	Primavera 2016	GALICIA - HERNANDEZ YALU	16.5
313	201239188	REYES MONTIEL MARIANA	Primavera 2017	GALICIA - HERNANDEZ YALU	41.6
315	201213965	SAMBRANO ROJAS CARLOS FRANCISCO	Otoño 2012	GALICIA - HERNANDEZ YALU	0.0
316	201212268	SANCHEZ NAVA HECTOR ALONSO		GALICIA - HERNANDEZ YALU	0.0
317	201237102	SERRANO VERGARA AMADOR	Verano 2014	GALICIA - HERNANDEZ YALU	6.7
318	201237273	TECUAPETLA MORENO ANA MARIA	Primavera 2017	GALICIA - HERNANDEZ YALU	29.8
319	201244569	TOLEDO CASTILLO LUIS FELIPE	Otoño 2012	GALICIA - HERNANDEZ YALU	4.3
320	201213017	ZAVALA GONZALEZ RICARDO	Primavera 2017	GALICIA - HERNANDEZ YALU	43.5
321	201214946	ABURTO GUEVARA BETZAIT	Primavera 2017	GONZALEZ - CALLEROS JUAN MANUEL	81.9
322	201214125	ALDANA BALLARTE MAURICIO URIEL	Primavera 2017	GONZALEZ - CALLEROS JUAN MANUEL	61.6
323	201221408	AMADOR RAMIREZ IVAN	Primavera 2017	GONZALEZ - CALLEROS JUAN MANUEL	48.7
324	201240391	BALDERAS TORRES BRENDA GUADALUPE	Primavera 2017	GONZALEZ - CALLEROS JUAN MANUEL	100.0
325	201227746	BRAVO DIAZ CESAR JOSHIMAR	Primavera 2013	GONZALEZ - CALLEROS JUAN MANUEL	2.2
326	201208598	CAMPOS GREGORIO ALVARO ENRIQUE	Primavera 2017	GONZALEZ - CALLEROS JUAN MANUEL	56.5
327	201233948	COYOPOL ROMERO MIRIAM	Primavera 2017	GONZALEZ - CALLEROS JUAN MANUEL	100.4
328	201202377	DIAZ JIMENEZ CAROLINA	Primavera 2017	GONZALEZ - CALLEROS JUAN MANUEL	97.0
329	201217869	FERNANDEZ CUELLAR ENRIQUE	Verano 2013	GONZALEZ - CALLEROS JUAN MANUEL	3.7
330	201212127	FRANCISCO SANCHEZ DULCE MARIA	Primavera 2017	GONZALEZ - CALLEROS JUAN MANUEL	85.6
331	201231100	GARCIA HERRERA LUIS ALBERTO	Primavera 2017	GONZALEZ - CALLEROS JUAN MANUEL	43.5
332	201215636	GARCIA PALALIA ROSA	Otoño 2016	GONZALEZ - CALLEROS JUAN MANUEL	15.9
333	201217899	GARRIDO GONZALEZ KARLA ESTEFANIA	Primavera 2017	GONZALEZ - CALLEROS JUAN MANUEL	70.8
334	201234705	GONZALEZ MONFIL ADELAIDA	Primavera 2017	GONZALEZ - CALLEROS JUAN MANUEL	94.8
335	201219693	GORDILLO GARCIA KEVIN	Primavera 2017	GONZALEZ - CALLEROS JUAN MANUEL	79.7
336	201218367	GUAJARDO HERNANDEZ ERICK	Otoño 2015	GONZALEZ - CALLEROS JUAN MANUEL	25.1
337	201238983	HERNANDEZ RAMIREZ LUIS ALBERTO	Primavera 2017	GONZALEZ - CALLEROS JUAN MANUEL	61.6
338	201231171	HERNANDEZ TORRES MIGUEL ANGEL	Otoño 2012	GONZALEZ - CALLEROS JUAN MANUEL	2.2
339	201216165	HERRERA CAMACHO JOSE JOVANNI	Otoño 2012	GONZALEZ - CALLEROS JUAN MANUEL	0.0
340	201235041	HINOJOSA SILVA ERIK	Otoño 2012	GONZALEZ - CALLEROS JUAN MANUEL	0.0
341	201235243	JORGE BERMUDEZ GUADALUPE	Primavera 2017	GONZALEZ - CALLEROS JUAN MANUEL	57.9
342	201241709	LAVARA BARRAGAN VICTOR	Otoño 2012	GONZALEZ - CALLEROS JUAN MANUEL	0.0
343	201229058	LOPEZ MARTINEZ ANDY	Primavera 2017	GONZALEZ - CALLEROS JUAN MANUEL	80.1
344	201229207	MARCELINO FLORES JOSE ARTURO	Otoño 2014	GONZALEZ - CALLEROS JUAN MANUEL	21.4
345	201221999	MARTINEZ ALONSO KARINA	Otoño 2012	GONZALEZ - CALLEROS JUAN MANUEL	2.2
347	201224385	MOLINA PAVANA IVAN	Otoño 2013	GONZALEZ - CALLEROS JUAN MANUEL	9.2
348	201213073	MORALES ITZCOATL JOSE LUIS	Otoño 2012	GONZALEZ - CALLEROS JUAN MANUEL	2.2
349	201243271	MOTE RODRIGUEZ ENRIQUE GUADALUPE	Primavera 2017	GONZALEZ - CALLEROS JUAN MANUEL	100.4
350	201243509	OSORIO CORRO ANTONIO DE JESUS	Primavera 2017	GONZALEZ - CALLEROS JUAN MANUEL	76.4
351	201225588	PEREZ HERNANDEZ ROSALIA	Primavera 2017	GONZALEZ - CALLEROS JUAN MANUEL	78.2
352	201224582	PEREZ ROMERO VICTOR	Primavera 2017	GONZALEZ - CALLEROS JUAN MANUEL	50.6
353	201201070	PREZA LOPEZ ARTURO	Verano 2014	GONZALEZ - CALLEROS JUAN MANUEL	24.7
354	201202126	RAMIREZ VILLEDA EDUARDO	Otoño 2012	GONZALEZ - CALLEROS JUAN MANUEL	2.2
355	201230275	RODRIGUEZ SANCHEZ LORENA	Otoño 2012	GONZALEZ - CALLEROS JUAN MANUEL	5.5
356	201209847	ROMERO RINCON LUIS SERGIO	Primavera 2017	GONZALEZ - CALLEROS JUAN MANUEL	83.8
357	201225072	SANCHEZ HERNANDEZ ANDREA ESTEPHANY	Primavera 2017	GONZALEZ - CALLEROS JUAN MANUEL	76.4
358	201224975	SANCHEZ RAMIREZ MARI GABRIELA	Verano 2013	GONZALEZ - CALLEROS JUAN MANUEL	10.3
359	201204687	SORIANO SANCHEZ ROGELIO	Primavera 2014	GONZALEZ - CALLEROS JUAN MANUEL	13.7
360	201210714	TELLEZ DIAZ CRISTIAN	Primavera 2017	GONZALEZ - CALLEROS JUAN MANUEL	46.9
362	201230759	VAZQUEZ LOPEZ PABLO LEONEL	Primavera 2017	GONZALEZ - CALLEROS JUAN MANUEL	59.8
363	201230880	XICALI CUAHUEY VICTOR	Primavera 2017	GONZALEZ - CALLEROS JUAN MANUEL	100.4
364	201225312	AGUILAR RODRIGUEZ JOSE GIOVANY	Primavera 2015	GONZALEZ - TZONTECOMANI JOSE ISMAEL	18.8
365	201223021	ANGELES LOPEZ MARIA JOSE	Primavera 2017	GONZALEZ - TZONTECOMANI JOSE ISMAEL	50.4
366	201242074	AVILA ESCAMILLA ARTEMIO	Primavera 2014	GONZALEZ - TZONTECOMANI JOSE ISMAEL	6.0
367	201225345	BRAVO FERMIN ARIADNA	Primavera 2017	GONZALEZ - TZONTECOMANI JOSE ISMAEL	44.8
368	201238839	CHAVEZ Y VILLALBA EMMANUEL		GONZALEZ - TZONTECOMANI JOSE ISMAEL	0.0
369	201243998	CORTES LOZANO ILEANA	Primavera 2017	GONZALEZ - TZONTECOMANI JOSE ISMAEL	58.4
370	201217205	DE LA CRUZ DIAZ DAVID	Primavera 2013	GONZALEZ - TZONTECOMANI JOSE ISMAEL	13.2
371	201241297	DOMINGUEZ DE LA ROSA GERARDO	Otoño 2013	GONZALEZ - TZONTECOMANI JOSE ISMAEL	0.8
372	201202781	FLORES HERNANDEZ DANIEL EDUARDO	Primavera 2017	GONZALEZ - TZONTECOMANI JOSE ISMAEL	58.4
373	201241515	GARCIA GARCIA VICTOR MANUEL	Otoño 2016	GONZALEZ - TZONTECOMANI JOSE ISMAEL	20.4
374	201215216	GONZALEZ PAREDES JOB	Primavera 2016	GONZALEZ - TZONTECOMANI JOSE ISMAEL	24.4
375	201234872	GUERRA SANCHEZ LUIS EDUARDO	Otoño 2015	GONZALEZ - TZONTECOMANI JOSE ISMAEL	9.2
376	201205833	HERNANDEZ RAMIREZ VIRIDIANA	Otoño 2012	GONZALEZ - TZONTECOMANI JOSE ISMAEL	0.0
377	201241623	INES SOSA LUIS ANGEL	Otoño 2015	GONZALEZ - TZONTECOMANI JOSE ISMAEL	15.2
378	201209194	LIMON TERREROS JAVIER	Primavera 2017	GONZALEZ - TZONTECOMANI JOSE ISMAEL	11.2
379	201242350	LOZANO DEOLARTE BEATRIZ ADRIANA	Primavera 2017	GONZALEZ - TZONTECOMANI JOSE ISMAEL	56.4
380	201238152	LUNA MARIN JULIO CESAR	Verano 2014	GONZALEZ - TZONTECOMANI JOSE ISMAEL	9.6
381	201213492	MARQUEZ RODRIGUEZ BEATRIZ	Primavera 2017	GONZALEZ - TZONTECOMANI JOSE ISMAEL	50.4
382	201218930	MENESES RODRIGUEZ ALEJANDRO	Otoño 2013	GONZALEZ - TZONTECOMANI JOSE ISMAEL	0.8
383	201243390	MORA APARICIO BLANCA ESTHER	Otoño 2013	GONZALEZ - TZONTECOMANI JOSE ISMAEL	9.2
384	201238218	MORALES FLORES ISAI ISRAEL	Otoño 2012	GONZALEZ - TZONTECOMANI JOSE ISMAEL	0.0
385	201219851	MOTA COCOLOTL JORGE MANUEL	Otoño 2016	GONZALEZ - TZONTECOMANI JOSE ISMAEL	27.2
386	201243556	OLMOS PEREZ JONATHAN OCTAVIO	Primavera 2017	GONZALEZ - TZONTECOMANI JOSE ISMAEL	48.4
387	201220919	PARTIDA SANCHEZ IVAN	Otoño 2016	GONZALEZ - TZONTECOMANI JOSE ISMAEL	13.2
388	201246568	PEREZ ZAMBRANO GENARO	Otoño 2013	GONZALEZ - TZONTECOMANI JOSE ISMAEL	2.0
389	201230219	RAMIREZ GARRIDO ELEAZAR	Primavera 2013	GONZALEZ - TZONTECOMANI JOSE ISMAEL	10.0
390	201201680	RIVERA MARTINEZ EDUARDO	Primavera 2017	GONZALEZ - TZONTECOMANI JOSE ISMAEL	11.6
391	201244140	RODRIGUEZ RUIZ RAUL	Primavera 2015	GONZALEZ - TZONTECOMANI JOSE ISMAEL	20.4
392	201237264	SANCHEZ DE LOS SANTOS EDGAR	Primavera 2017	GONZALEZ - TZONTECOMANI JOSE ISMAEL	9.6
393	201205018	SERRANO GUTIERREZ JAIRO	Primavera 2017	GONZALEZ - TZONTECOMANI JOSE ISMAEL	15.6
394	201244558	SOTO SANDOVAL YAMILE	Primavera 2014	GONZALEZ - TZONTECOMANI JOSE ISMAEL	7.6
395	201245215	TONIX DELGADO ERICK GIOVANNI	Otoño 2014	GONZALEZ - TZONTECOMANI JOSE ISMAEL	17.2
396	201219135	VALLE HERNANDEZ ARMANDO	Primavera 2013	GONZALEZ - TZONTECOMANI JOSE ISMAEL	2.4
397	201200242	VIVEROS GUERRERO DIEGO	Primavera 2017	GONZALEZ - TZONTECOMANI JOSE ISMAEL	40.4
398	201227597	ALEJO VALDEZ JHARIB SAMHAI		GUERRERO - GARCIA JOSEFINA	0.0
399	201219464	ANTONIO GRANADOS GEOVANNI	Primavera 2017	GUERRERO - GARCIA JOSEFINA	90.6
400	201213379	BALBUENA CERON GABRIEL	Primavera 2017	GUERRERO - GARCIA JOSEFINA	41.6
401	201240018	BENICIO LOPEZ MICHAEL	Otoño 2012	GUERRERO - GARCIA JOSEFINA	0.0
403	201214991	CASTILLO MORALES CAROLINA	Primavera 2017	GUERRERO - GARCIA JOSEFINA	88.6
404	201209613	COCOLOTL MANCILLA DALIA ALEJANDRA	Primavera 2014	GUERRERO - GARCIA JOSEFINA	18.8
405	201214766	CRUZ ESPINOSA EMMANUEL	Verano 2013	GUERRERO - GARCIA JOSEFINA	5.5
406	201223450	DE LA LAMA CASTRO LUIS JAIME	Primavera 2017	GUERRERO - GARCIA JOSEFINA	90.6
407	201203401	DIAZ ROMERO VICTOR HUGO	Primavera 2017	GUERRERO - GARCIA JOSEFINA	74.9
408	201210328	FRANCISCO FRANCISCO JUAN CARLOS	Primavera 2014	GUERRERO - GARCIA JOSEFINA	18.8
409	201228619	GARCIA CORTEZ DANIEL DE SAN GINES	Primavera 2017	GUERRERO - GARCIA JOSEFINA	84.7
410	201213437	GOMEZ JIMENEZ DANIEL	Primavera 2016	GUERRERO - GARCIA JOSEFINA	16.5
411	201241261	GONZALEZ MORALES JUAN PABLO	Primavera 2017	GUERRERO - GARCIA JOSEFINA	76.9
412	201241162	GUZMAN CORONA RICARDO	Primavera 2017	GUERRERO - GARCIA JOSEFINA	94.5
413	201231157	HERNANDEZ GRACIA ALEJANDRO	Primavera 2013	GUERRERO - GARCIA JOSEFINA	0.8
414	201223872	HERNANDEZ SANCHEZ JULIO CESAR	Otoño 2012	GUERRERO - GARCIA JOSEFINA	0.0
415	201228889	IBARRA MENDEZ GUSTAVO	Primavera 2017	GUERRERO - GARCIA JOSEFINA	78.8
416	201222566	LOPEZ AVELIZAPA LUIS JAVIER	Verano 2016	GUERRERO - GARCIA JOSEFINA	35.7
417	201235482	LOPEZ RUIZ RODOLFO	Primavera 2017	GUERRERO - GARCIA JOSEFINA	22.4
418	201236849	MARRERO REGINO ANTONIO	Otoño 2012	GUERRERO - GARCIA JOSEFINA	0.0
419	201229309	MELCHOR AGUIRRE ADOLFO ANGEL	Primavera 2014	GUERRERO - GARCIA JOSEFINA	3.1
420	201235739	MONROY CALTENCO DANIEL	Otoño 2012	GUERRERO - GARCIA JOSEFINA	0.0
421	201210518	MOTA GARCIA FRANCISCO	Primavera 2017	GUERRERO - GARCIA JOSEFINA	10.6
422	201242690	ONOFRE RODRIGUEZ JOSE FERNANDO	Otoño 2015	GUERRERO - GARCIA JOSEFINA	23.9
423	201214293	PAREDES TENORIO JESSICA GISEL	Primavera 2017	GUERRERO - GARCIA JOSEFINA	41.6
424	201243555	PEREZ LOPEZ JUAN FERNANDO	Verano 2016	GUERRERO - GARCIA JOSEFINA	43.5
425	201236441	PORTILLO CHAN ISRAEL	Primavera 2017	GUERRERO - GARCIA JOSEFINA	71.0
426	201206930	RAMIREZ RUIZ HECTOR	Primavera 2017	GUERRERO - GARCIA JOSEFINA	86.7
427	201216326	REYES SANCHEZ DANIEL	Primavera 2017	GUERRERO - GARCIA JOSEFINA	94.5
428	201230278	RODRIGUEZ HERNANDEZ ALAM YAEL	Primavera 2017	GUERRERO - GARCIA JOSEFINA	78.8
430	201209323	SANCHEZ BRAVO CARLOS ALBERTO	Primavera 2017	GUERRERO - GARCIA JOSEFINA	10.6
431	201200900	SANCHEZ RODRIGUEZ DAVID	Otoño 2016	GUERRERO - GARCIA JOSEFINA	102.4
432	201245446	TEJEDA SANTOS DAVID ORLANDO	Otoño 2012	GUERRERO - GARCIA JOSEFINA	0.0
433	201237332	TORRES ANAYA CHRISTIAN	Otoño 2012	GUERRERO - GARCIA JOSEFINA	0.0
434	201230839	VAZQUEZ FLORES DAVID	Primavera 2017	GUERRERO - GARCIA JOSEFINA	45.9
435	201213015	ZUÑIGA MORALES VICTOR HUGO	Primavera 2017	GUERRERO - GARCIA JOSEFINA	53.7
436	201214498	ALEMAN WALDO JESUS ANDRES	Primavera 2017	LAVALLE - MARTINEZ JOSE DE JESUS	85.9
437	201200668	ARELLANO SALVADOR DANIEL	Primavera 2017	LAVALLE - MARTINEZ JOSE DE JESUS	59.2
438	201223154	BALBUENA ORTEGA RODRIGO	Primavera 2017	LAVALLE - MARTINEZ JOSE DE JESUS	47.5
439	201221477	BENITEZ BOSQUES VICTOR HUGO	Primavera 2017	LAVALLE - MARTINEZ JOSE DE JESUS	76.9
440	201212523	CAMPOS VAZQUEZ DULCE MARIA	Otoño 2015	LAVALLE - MARTINEZ JOSE DE JESUS	35.7
441	201221135	CASTILLO PEREZ YANID JOVANA	Otoño 2015	LAVALLE - MARTINEZ JOSE DE JESUS	10.6
442	201234114	CONTLA GARCIA ARMANDO	Primavera 2013	LAVALLE - MARTINEZ JOSE DE JESUS	2.0
443	201215565	CRUZ HERNANDEZ LUIS ERNESTO	Primavera 2017	LAVALLE - MARTINEZ JOSE DE JESUS	55.3
444	201234256	DE LA LUZ ALVILLAR RAFAEL	Otoño 2013	LAVALLE - MARTINEZ JOSE DE JESUS	5.9
445	201240790	ESTILLADO ORTEGA JAIME ARTURO	Verano 2013	LAVALLE - MARTINEZ JOSE DE JESUS	5.5
446	201228369	FRANCO MORALES NANCY NOEMI	Primavera 2017	LAVALLE - MARTINEZ JOSE DE JESUS	86.7
447	201234793	GARCIA MARQUEZ ABISAI	Primavera 2017	LAVALLE - MARTINEZ JOSE DE JESUS	76.9
448	201202545	GOMEZ MELENDEZ JORGE MIGUEL	Primavera 2017	LAVALLE - MARTINEZ JOSE DE JESUS	84.7
449	201215660	GONZALEZ NARVAEZ RICARDO	Primavera 2017	LAVALLE - MARTINEZ JOSE DE JESUS	10.6
450	201207205	HARO CAMACHO ISMAEL	Primavera 2017	LAVALLE - MARTINEZ JOSE DE JESUS	84.7
451	201207660	HERNANDEZ GUTIERREZ IVAN	Primavera 2013	LAVALLE - MARTINEZ JOSE DE JESUS	14.9
452	201200408	HERRERA CAMPOS IRVIN ANTONIO	Primavera 2017	LAVALLE - MARTINEZ JOSE DE JESUS	28.6
453	201206120	IRINEO SANCHEZ ANGEL FRANCISCO	Primavera 2017	LAVALLE - MARTINEZ JOSE DE JESUS	12.5
454	201205062	LAY IBANEZ JORGE ENRIQUE	Primavera 2017	LAVALLE - MARTINEZ JOSE DE JESUS	15.3
455	201220730	LOPEZ CANO GERARDO	Primavera 2017	LAVALLE - MARTINEZ JOSE DE JESUS	9.4
457	201215154	MARTINEZ AGUILAR DANIEL ANTONIO	Verano 2013	LAVALLE - MARTINEZ JOSE DE JESUS	0.0
458	201235649	MELO MARTINEZ FLORENCIO ALBERTO	Primavera 2014	LAVALLE - MARTINEZ JOSE DE JESUS	16.5
459	201238206	MONROY FERNANDEZ LAURO	Primavera 2017	LAVALLE - MARTINEZ JOSE DE JESUS	7.8
460	201203692	MOXCA RUIZ GERARDO	Primavera 2017	LAVALLE - MARTINEZ JOSE DE JESUS	80.8
461	201236199	OREA OVALLE JORGE FERNANDO	Otoño 2013	LAVALLE - MARTINEZ JOSE DE JESUS	4.3
462	201243772	PAVON ABURTO MARCOS	Primavera 2013	LAVALLE - MARTINEZ JOSE DE JESUS	0.8
463	201211355	PEREZ LOPEZ ROSA MARIA	Primavera 2017	LAVALLE - MARTINEZ JOSE DE JESUS	76.9
464	201218998	PRADO CASIMIRO JESUS	Primavera 2017	LAVALLE - MARTINEZ JOSE DE JESUS	24.3
467	201236675	RODRIGUEZ SERRANO JOSE ALFREDO	Primavera 2013	LAVALLE - MARTINEZ JOSE DE JESUS	0.0
468	201205326	ROJAS ESPINOZA ADRIAN	Verano 2013	LAVALLE - MARTINEZ JOSE DE JESUS	13.3
469	201219994	SANCHEZ FLORES JOSE JULIAN	Primavera 2017	LAVALLE - MARTINEZ JOSE DE JESUS	29.8
470	201244934	SANCHEZ RODRIGUEZ MIGUEL ANGEL	Primavera 2014	LAVALLE - MARTINEZ JOSE DE JESUS	2.4
471	201225167	TELLEZ FLORES LEONARDO ANDREAS	Otoño 2012	LAVALLE - MARTINEZ JOSE DE JESUS	4.3
472	201239304	TORRES CONDE BRANDON	Primavera 2015	LAVALLE - MARTINEZ JOSE DE JESUS	25.9
473	201230875	VAZQUEZ JIMENEZ VIRGILIO	Primavera 2017	LAVALLE - MARTINEZ JOSE DE JESUS	80.8
474	201223082	AMADO RODRIGUEZ NAYELI GABRIELA	Primavera 2013	SALAZAR - MARTINEZ HILARIO	0.0
475	201204504	ATONAL TOXQUI EMMANUEL	Primavera 2013	SALAZAR - MARTINEZ HILARIO	4.0
476	201223138	BETANCOURT CELIS IAN	Otoño 2016	SALAZAR - MARTINEZ HILARIO	100.4
477	201203331	CHAVEZ CONDE ANTONIO ENRIQUE	Otoño 2012	SALAZAR - MARTINEZ HILARIO	0.0
478	201216413	CORONA RAMIREZ CHRISTIAN ENRIQUE	Otoño 2013	SALAZAR - MARTINEZ HILARIO	6.0
479	201239979	CRUZ NOLASCO VIRGILIO ERIK	Primavera 2015	SALAZAR - MARTINEZ HILARIO	9.2
480	201228174	DIAZ SOLIS LUIS IGNACIO	Primavera 2013	SALAZAR - MARTINEZ HILARIO	9.6
481	201218740	FERNANDEZ ENRIQUEZ JUAN SAUL	Primavera 2017	SALAZAR - MARTINEZ HILARIO	88.4
482	201219638	GARCIA CASTELLANOS RUTH ARGELIA	Primavera 2013	SALAZAR - MARTINEZ HILARIO	2.4
483	201210359	GONZALEZ GARCIA OSCAR ALAN	Primavera 2017	SALAZAR - MARTINEZ HILARIO	60.4
484	201245585	GRANILLO MARTINEZ OSCAR ROBERTO	Primavera 2014	SALAZAR - MARTINEZ HILARIO	5.6
485	201221823	HERNANDEZ DOMINGUEZ JOSE RAMON	Otoño 2012	SALAZAR - MARTINEZ HILARIO	0.0
486	201202832	HERRERA MONROY GRISELDA	Primavera 2013	SALAZAR - MARTINEZ HILARIO	2.4
487	201229136	LEON HERNANDEZ CRISTOFER JACOB	Otoño 2012	SALAZAR - MARTINEZ HILARIO	0.0
488	201218019	LOZADA VIDAL JOSE DE JESUS	Primavera 2013	SALAZAR - MARTINEZ HILARIO	0.8
489	201242062	LUGARDO MEJIA MARIA DEL CARMEN	Primavera 2014	SALAZAR - MARTINEZ HILARIO	4.0
490	201224144	MADRID ALVARADO JORGE	Primavera 2017	SALAZAR - MARTINEZ HILARIO	78.4
491	201217339	MELO PEREZ FRANCISCO ALEJANDRO	Primavera 2013	SALAZAR - MARTINEZ HILARIO	2.4
492	201208718	MOLINA ADAN HECTOR	Otoño 2012	SALAZAR - MARTINEZ HILARIO	0.0
493	201204726	MORALES ESPINOSA BRENDA VICTORIA	Primavera 2013	SALAZAR - MARTINEZ HILARIO	0.8
494	201236034	MORENO ROMERO ALDO RICARDO	Primavera 2017	SALAZAR - MARTINEZ HILARIO	48.4
495	201224414	MUÑOZ ESPINOZA ERICK	Otoño 2014	SALAZAR - MARTINEZ HILARIO	11.2
496	201243837	PARRA MERINO WENDY	Primavera 2017	SALAZAR - MARTINEZ HILARIO	62.4
497	201213644	PEREZ YEHUALA GRACIELA	Primavera 2015	SALAZAR - MARTINEZ HILARIO	32.4
498	201201065	PORTILLA SANCHEZ ERICK ALFREDO	Primavera 2017	SALAZAR - MARTINEZ HILARIO	80.4
499	201243430	REYES MERINO PABLO	Primavera 2016	SALAZAR - MARTINEZ HILARIO	17.2
500	201244382	RODRIGUEZ DE LA ROSA MIGUEL ANGEL	Primavera 2017	SALAZAR - MARTINEZ HILARIO	54.4
502	201240894	RUIZ HERNANDEZ CARMEN REBECA	Otoño 2013	SALAZAR - MARTINEZ HILARIO	4.4
503	201215381	SANDOVAL CARRANZA RAUL	Primavera 2017	SALAZAR - MARTINEZ HILARIO	66.4
504	201215046	SOTO ESCALANTE MOISES	Primavera 2013	SALAZAR - MARTINEZ HILARIO	2.4
505	201237274	TECUAUTZIN AGUILAR YANETY	Primavera 2017	SALAZAR - MARTINEZ HILARIO	50.4
506	201237342	TORRES PEREZ JAVIER	Otoño 2012	SALAZAR - MARTINEZ HILARIO	4.4
507	201225170	URIZA CASAREZ OSCAR LEONARDO	Primavera 2017	SALAZAR - MARTINEZ HILARIO	48.4
508	201245791	VIDAL PEREZ VICTOR DE JESUS	Primavera 2013	SALAZAR - MARTINEZ HILARIO	2.4
509	201227470	AHUATZIN RODRIGUEZ ARTURO	Otoño 2013	SANCHEZ - RINZA BARBARA EMMA	0.0
510	201228361	ARENAS FONG KARLA	Primavera 2017	SANCHEZ - RINZA BARBARA EMMA	4.0
511	201209574	AYON CISNEROS ANAHI	Primavera 2017	SANCHEZ - RINZA BARBARA EMMA	40.4
512	201201764	CAAMAÑO RIVAS JESSICA PAMELA	Primavera 2017	SANCHEZ - RINZA BARBARA EMMA	12.8
513	201240526	CHICO RAMIREZ DANIEL	Verano 2014	SANCHEZ - RINZA BARBARA EMMA	4.0
514	201207873	COYOTL CORTES ANDRES	Primavera 2017	SANCHEZ - RINZA BARBARA EMMA	64.4
515	201213633	DE LA LUZ MONARCA MARTHA LETICIA	Primavera 2013	SANCHEZ - RINZA BARBARA EMMA	7.2
516	201223514	ESCALONA BARRALES JOSE ENRIQUE	Otoño 2016	SANCHEZ - RINZA BARBARA EMMA	16.4
517	201241112	GALAVIZ ZAMORA LUIS JAIRO	Verano 2013	SANCHEZ - RINZA BARBARA EMMA	5.6
518	201228625	GARCIA MENDIETA LUIS ENRIQUE	Primavera 2017	SANCHEZ - RINZA BARBARA EMMA	22.8
519	201234719	GONZALEZ ROBLES JESSICA ARELY	Primavera 2017	SANCHEZ - RINZA BARBARA EMMA	40.4
520	201209688	GUERRERO REYES LUIS ENRIQUE	Primavera 2017	SANCHEZ - RINZA BARBARA EMMA	23.2
521	201223924	HERNANDEZ RODRIGUEZ JOSE JAIME	Primavera 2014	SANCHEZ - RINZA BARBARA EMMA	2.4
522	201216756	JIMENEZ MENDEZ MAYNOR	Primavera 2017	SANCHEZ - RINZA BARBARA EMMA	13.2
524	201221981	LUCERO CASTRILLO MAXIMLIANO	Otoño 2012	SANCHEZ - RINZA BARBARA EMMA	0.0
525	201220745	LUNA MENDEZ NANCY PATRICIA	Primavera 2017	SANCHEZ - RINZA BARBARA EMMA	26.4
526	201224341	MARTINEZ MATEOS JAVIER IVAN	Primavera 2017	SANCHEZ - RINZA BARBARA EMMA	66.4
527	201212206	MERCADO BAUTISTA EDWIN ALEJANDRO	Otoño 2012	SANCHEZ - RINZA BARBARA EMMA	0.0
530	201243076	MUÑOZ LUNA GABRIELA	Primavera 2013	SANCHEZ - RINZA BARBARA EMMA	2.4
531	201222602	ORTEGA MENDOZA ALMA ROSA	Primavera 2013	SANCHEZ - RINZA BARBARA EMMA	0.8
532	201224637	PEREZ PEREZ LUIS ARTURO	Primavera 2015	SANCHEZ - RINZA BARBARA EMMA	14.8
533	201243571	PONCE DE LEON ROSAS ESTEFANIA	Primavera 2017	SANCHEZ - RINZA BARBARA EMMA	46.4
534	201222223	RAMIREZ MORENO MARIANA	Primavera 2015	SANCHEZ - RINZA BARBARA EMMA	12.8
536	201217462	ROJAS DIAZ JORGE	Primavera 2017	SANCHEZ - RINZA BARBARA EMMA	54.4
537	201243930	ROMUALDO MARTINEZ MARCO ANTONIO	Verano 2015	SANCHEZ - RINZA BARBARA EMMA	16.8
538	201238120	SANCHEZ LOPEZ JUAN MANUEL	Otoño 2014	SANCHEZ - RINZA BARBARA EMMA	9.2
539	201237097	SERRANO HUIXTLACATL JESUS	Otoño 2013	SANCHEZ - RINZA BARBARA EMMA	2.4
540	201230577	TAPIA JUAREZ KAREN	Otoño 2016	SANCHEZ - RINZA BARBARA EMMA	18.4
541	201201112	TOQUERO VEGA RICARDO ARMANDO	Primavera 2017	SANCHEZ - RINZA BARBARA EMMA	66.4
542	201237482	VARGAS VAZQUEZ FRANCISCO	Verano 2015	SANCHEZ - RINZA BARBARA EMMA	7.2
543	201217736	AGUILAR SALAS JESUS	Primavera 2017	SORIANO - ULLOA MARCO ANTONIO	47.8
544	201239807	ALVAREZ MARTINEZ CRISTIAN IVAN	Primavera 2017	SORIANO - ULLOA MARCO ANTONIO	53.3
545	201240694	ARMENTA ROMERO JOHN ISRAEL	Primavera 2013	SORIANO - ULLOA MARCO ANTONIO	2.4
546	201227661	BARREDA GONZALEZ JOSE IGNACIO	Otoño 2016	SORIANO - ULLOA MARCO ANTONIO	22.0
547	201223173	BOBADILLA VILLAFAN AARON	Primavera 2017	SORIANO - ULLOA MARCO ANTONIO	51.8
548	201223377	CARRILLO GARCIA LUCERO	Primavera 2017	SORIANO - ULLOA MARCO ANTONIO	88.6
549	201225370	CHAVARRIA CASTANEDA RAFAEL	Primavera 2017	SORIANO - ULLOA MARCO ANTONIO	49.8
550	201218665	CORREA OJEDA ENRIQUE	Primavera 2017	SORIANO - ULLOA MARCO ANTONIO	69.0
551	201223346	CUATEPITZI SOTO ALDO LUIS	Primavera 2017	SORIANO - ULLOA MARCO ANTONIO	67.5
552	201228219	DIAZ AYON JULIAN ANTONIO	Otoño 2012	SORIANO - ULLOA MARCO ANTONIO	0.0
553	201211214	ELVIRA ROSAS IVAN (SUSPENSION TEMPORAL)	Otoño 2012	SORIANO - ULLOA MARCO ANTONIO	0.0
554	201223580	FLORES MOLINA JUAN CARLOS	Primavera 2017	SORIANO - ULLOA MARCO ANTONIO	84.7
555	201228635	GARCES SAUCEDO EDWIN	Primavera 2017	SORIANO - ULLOA MARCO ANTONIO	78.8
556	201228634	GARCIA VICENCIO DAVID SAMUEL		SORIANO - ULLOA MARCO ANTONIO	0.0
557	201238964	GONZALEZ HERNANDEZ HECTOR DANIEL	Primavera 2013	SORIANO - ULLOA MARCO ANTONIO	1.6
558	201228570	GRADOS ATLIXQUEÑO VIVIANA	Primavera 2017	SORIANO - ULLOA MARCO ANTONIO	84.7
559	201222552	HERNANDEZ CARINO ALAN EDGARDO	Primavera 2017	SORIANO - ULLOA MARCO ANTONIO	76.9
560	201228762	HERNANDEZ MENDOZA MIGUEL ANGEL	Primavera 2017	SORIANO - ULLOA MARCO ANTONIO	40.0
561	201238070	HUERTA GUTIERREZ FERNANDO RAFAEL	Otoño 2012	SORIANO - ULLOA MARCO ANTONIO	0.0
562	201235225	JUAREZ VIVANCO LUIS JOEL	Otoño 2015	SORIANO - ULLOA MARCO ANTONIO	30.6
563	201229137	LEON MARTINEZ ALEJANDRO	Verano 2014	SORIANO - ULLOA MARCO ANTONIO	0.0
564	201207218	LOPEZ HERNANDEZ ALFREDO	Primavera 2017	SORIANO - ULLOA MARCO ANTONIO	53.3
565	201242156	LUNA NICOLAS LEONARDO DAVID	Primavera 2017	SORIANO - ULLOA MARCO ANTONIO	63.1
566	201202868	MARTINEZ HERRERA ALFREDO SAUL	Primavera 2017	SORIANO - ULLOA MARCO ANTONIO	82.7
567	201201410	MENDOZA MONGE LUIS ENRIQUE	Otoño 2012	SORIANO - ULLOA MARCO ANTONIO	0.0
568	201229420	MORALES NOYA ISAAC YEREVAN	Otoño 2012	SORIANO - ULLOA MARCO ANTONIO	0.8
569	201212214	OCELOTL TAPIA MARIA DEL PILAR ITZEL	Primavera 2017	SORIANO - ULLOA MARCO ANTONIO	71.0
570	201209791	ORTIZ HERNANDEZ MARIA LAURA	Primavera 2017	SORIANO - ULLOA MARCO ANTONIO	22.7
571	201229836	PEREZ TECOL SARAHI	Primavera 2017	SORIANO - ULLOA MARCO ANTONIO	82.7
572	201236504	RAMIREZ DOMINGUEZ JAVIER	Verano 2013	SORIANO - ULLOA MARCO ANTONIO	2.4
573	201224846	RENTERIA HERNANDEZ FERNANDO	Primavera 2013	SORIANO - ULLOA MARCO ANTONIO	1.6
574	201236650	RODRIGUEZ HERNANDEZ DIANA LAURA	Primavera 2017	SORIANO - ULLOA MARCO ANTONIO	84.7
575	201222301	ROJAS RAMOS CARLA MARITZA	Primavera 2017	SORIANO - ULLOA MARCO ANTONIO	88.6
576	201219988	RUIZ VIVALDO IRVING OMAR	Primavera 2017	SORIANO - ULLOA MARCO ANTONIO	61.2
577	201217476	SANCHEZ GUTIERREZ FRANCISCO ANDRES	Otoño 2013	SORIANO - ULLOA MARCO ANTONIO	1.6
578	201239283	SANTIAGO PAPAQUI BELEN	Primavera 2017	SORIANO - ULLOA MARCO ANTONIO	80.8
579	201208415	TAPIA MEDEL CARLOS DANIEL	Primavera 2013	SORIANO - ULLOA MARCO ANTONIO	0.0
580	201222663	VALENCIA AGUILAR NOELIA	Primavera 2017	SORIANO - ULLOA MARCO ANTONIO	69.0
581	201230888	XICALI FLORES JORGE ARTURO	Primavera 2017	SORIANO - ULLOA MARCO ANTONIO	78.8
582	201239763	ALVAREZ VAZQUEZ LUIS ENRIQUE	Primavera 2015	ZACARIAS - FLORES FERNANDO	0.8
583	201239980	ARIAS OCAMPO JONATHAN	Otoño 2013	ZACARIAS - FLORES FERNANDO	4.0
584	201237777	BENITEZ HERNANDEZ JOSE JUAN	Verano 2013	ZACARIAS - FLORES FERNANDO	9.2
585	201240189	CARMONA SARMIENTOS CARMEN	Primavera 2015	ZACARIAS - FLORES FERNANDO	11.2
586	201240385	COLULA MORALES VICTOR ANGEL	Primavera 2017	ZACARIAS - FLORES FERNANDO	44.4
587	201243152	CRUZ MEDINA EVELIO	Verano 2013	ZACARIAS - FLORES FERNANDO	0.0
588	201213821	ESPINOSA RODRIGUEZ RUBEN	Primavera 2017	ZACARIAS - FLORES FERNANDO	84.4
589	201208649	GALINDO RAMOS YAZMIN	Otoño 2014	ZACARIAS - FLORES FERNANDO	30.0
590	201223693	GARCIA XICOTENCATL ISRAEL	Primavera 2017	ZACARIAS - FLORES FERNANDO	40.4
591	201221800	GONZALEZ SANCHEZ FRANCISCO DANIEL	Otoño 2013	ZACARIAS - FLORES FERNANDO	0.0
592	201215649	GUEVARA ARROYO ALEJANDRO	Verano 2014	ZACARIAS - FLORES FERNANDO	1.6
593	201228758	HERNANDEZ MARTINEZ RAUL	Primavera 2013	ZACARIAS - FLORES FERNANDO	0.8
594	201235026	HERRERA DIAZ MARIA LUISA	Verano 2014	ZACARIAS - FLORES FERNANDO	6.8
595	201242081	LARGO RAMIREZ REGINA	Primavera 2013	ZACARIAS - FLORES FERNANDO	2.4
596	201235485	LOPEZ NAVA ARMANDO	Otoño 2012	ZACARIAS - FLORES FERNANDO	0.0
597	201242225	LUCERO MARTÍNEZ GABRIELA	Primavera 2013	ZACARIAS - FLORES FERNANDO	2.4
598	201235499	LUNA ROJAS MIGUEL	Otoño 2013	ZACARIAS - FLORES FERNANDO	0.0
600	201212195	MORALES CASTUERA RICARDO	Primavera 2014	ZACARIAS - FLORES FERNANDO	10.8
601	201220818	MORENO PEREZ MARIO IVAN	Primavera 2017	ZACARIAS - FLORES FERNANDO	48.4
602	201214265	MUÑOZ PEREZ NOE	Primavera 2015	ZACARIAS - FLORES FERNANDO	36.4
603	201205391	PAREDES BARRIENTOS CLAUDIA YARELI	Otoño 2013	ZACARIAS - FLORES FERNANDO	22.4
604	201236423	PEREZ SANCHEZ SAID EDER	Primavera 2013	ZACARIAS - FLORES FERNANDO	0.0
605	201243722	PONCE GOIZ JUAN MIGUEL	Primavera 2017	ZACARIAS - FLORES FERNANDO	80.4
606	201203799	RAMIREZ SANDOVAL LOURDES	Primavera 2017	ZACARIAS - FLORES FERNANDO	54.4
607	201244268	RODRIGUEZ AGUILAR JULIO EDGAR	Primavera 2016	ZACARIAS - FLORES FERNANDO	13.2
608	201244379	ROJAS JUAREZ ADOLFO ANGEL	Otoño 2012	ZACARIAS - FLORES FERNANDO	0.0
609	201240838	ROSAS ARMENTA MARCO ARTURO	Primavera 2016	ZACARIAS - FLORES FERNANDO	18.4
610	201238467	SANCHEZ RODRIGUEZ GUADALUPE	Primavera 2014	ZACARIAS - FLORES FERNANDO	7.2
611	201230462	SOLAR GARCIA FIANET ERIKA	Primavera 2017	ZACARIAS - FLORES FERNANDO	66.4
612	201237385	TAPIA LOPEZ ISRAEL	Otoño 2012	ZACARIAS - FLORES FERNANDO	0.0
613	201245534	VAZQUEZ MARTINEZ JOSUE	Primavera 2017	ZACARIAS - FLORES FERNANDO	40.8
\.


--
-- Name: login_lista_id_seq; Type: SEQUENCE SET; Schema: public; Owner: -
--

SELECT pg_catalog.setval('login_lista_id_seq', 1, true);


--
-- Name: auth_group_name_key; Type: CONSTRAINT; Schema: public; Owner: -
--

ALTER TABLE ONLY auth_group
    ADD CONSTRAINT auth_group_name_key UNIQUE (name);


--
-- Name: auth_group_permissions_group_id_0cd325b0_uniq; Type: CONSTRAINT; Schema: public; Owner: -
--

ALTER TABLE ONLY auth_group_permissions
    ADD CONSTRAINT auth_group_permissions_group_id_0cd325b0_uniq UNIQUE (group_id, permission_id);


--
-- Name: auth_group_permissions_pkey; Type: CONSTRAINT; Schema: public; Owner: -
--

ALTER TABLE ONLY auth_group_permissions
    ADD CONSTRAINT auth_group_permissions_pkey PRIMARY KEY (id);


--
-- Name: auth_group_pkey; Type: CONSTRAINT; Schema: public; Owner: -
--

ALTER TABLE ONLY auth_group
    ADD CONSTRAINT auth_group_pkey PRIMARY KEY (id);


--
-- Name: auth_permission_content_type_id_01ab375a_uniq; Type: CONSTRAINT; Schema: public; Owner: -
--

ALTER TABLE ONLY auth_permission
    ADD CONSTRAINT auth_permission_content_type_id_01ab375a_uniq UNIQUE (content_type_id, codename);


--
-- Name: auth_permission_pkey; Type: CONSTRAINT; Schema: public; Owner: -
--

ALTER TABLE ONLY auth_permission
    ADD CONSTRAINT auth_permission_pkey PRIMARY KEY (id);


--
-- Name: auth_user_groups_pkey; Type: CONSTRAINT; Schema: public; Owner: -
--

ALTER TABLE ONLY auth_user_groups
    ADD CONSTRAINT auth_user_groups_pkey PRIMARY KEY (id);


--
-- Name: auth_user_groups_user_id_94350c0c_uniq; Type: CONSTRAINT; Schema: public; Owner: -
--

ALTER TABLE ONLY auth_user_groups
    ADD CONSTRAINT auth_user_groups_user_id_94350c0c_uniq UNIQUE (user_id, group_id);


--
-- Name: auth_user_pkey; Type: CONSTRAINT; Schema: public; Owner: -
--

ALTER TABLE ONLY auth_user
    ADD CONSTRAINT auth_user_pkey PRIMARY KEY (id);


--
-- Name: auth_user_user_permissions_pkey; Type: CONSTRAINT; Schema: public; Owner: -
--

ALTER TABLE ONLY auth_user_user_permissions
    ADD CONSTRAINT auth_user_user_permissions_pkey PRIMARY KEY (id);


--
-- Name: auth_user_user_permissions_user_id_14a6b632_uniq; Type: CONSTRAINT; Schema: public; Owner: -
--

ALTER TABLE ONLY auth_user_user_permissions
    ADD CONSTRAINT auth_user_user_permissions_user_id_14a6b632_uniq UNIQUE (user_id, permission_id);


--
-- Name: auth_user_username_key; Type: CONSTRAINT; Schema: public; Owner: -
--

ALTER TABLE ONLY auth_user
    ADD CONSTRAINT auth_user_username_key UNIQUE (username);


--
-- Name: django_admin_log_pkey; Type: CONSTRAINT; Schema: public; Owner: -
--

ALTER TABLE ONLY django_admin_log
    ADD CONSTRAINT django_admin_log_pkey PRIMARY KEY (id);


--
-- Name: django_content_type_app_label_76bd3d3b_uniq; Type: CONSTRAINT; Schema: public; Owner: -
--

ALTER TABLE ONLY django_content_type
    ADD CONSTRAINT django_content_type_app_label_76bd3d3b_uniq UNIQUE (app_label, model);


--
-- Name: django_content_type_pkey; Type: CONSTRAINT; Schema: public; Owner: -
--

ALTER TABLE ONLY django_content_type
    ADD CONSTRAINT django_content_type_pkey PRIMARY KEY (id);


--
-- Name: django_migrations_pkey; Type: CONSTRAINT; Schema: public; Owner: -
--

ALTER TABLE ONLY django_migrations
    ADD CONSTRAINT django_migrations_pkey PRIMARY KEY (id);


--
-- Name: django_session_pkey; Type: CONSTRAINT; Schema: public; Owner: -
--

ALTER TABLE ONLY django_session
    ADD CONSTRAINT django_session_pkey PRIMARY KEY (session_key);


--
-- Name: login_lista_pkey; Type: CONSTRAINT; Schema: public; Owner: -
--

ALTER TABLE ONLY login_lista
    ADD CONSTRAINT login_lista_pkey PRIMARY KEY (id);


--
-- Name: auth_group_name_a6ea08ec_like; Type: INDEX; Schema: public; Owner: -
--

CREATE INDEX auth_group_name_a6ea08ec_like ON auth_group USING btree (name varchar_pattern_ops);


--
-- Name: auth_group_permissions_0e939a4f; Type: INDEX; Schema: public; Owner: -
--

CREATE INDEX auth_group_permissions_0e939a4f ON auth_group_permissions USING btree (group_id);


--
-- Name: auth_group_permissions_8373b171; Type: INDEX; Schema: public; Owner: -
--

CREATE INDEX auth_group_permissions_8373b171 ON auth_group_permissions USING btree (permission_id);


--
-- Name: auth_permission_417f1b1c; Type: INDEX; Schema: public; Owner: -
--

CREATE INDEX auth_permission_417f1b1c ON auth_permission USING btree (content_type_id);


--
-- Name: auth_user_groups_0e939a4f; Type: INDEX; Schema: public; Owner: -
--

CREATE INDEX auth_user_groups_0e939a4f ON auth_user_groups USING btree (group_id);


--
-- Name: auth_user_groups_e8701ad4; Type: INDEX; Schema: public; Owner: -
--

CREATE INDEX auth_user_groups_e8701ad4 ON auth_user_groups USING btree (user_id);


--
-- Name: auth_user_user_permissions_8373b171; Type: INDEX; Schema: public; Owner: -
--

CREATE INDEX auth_user_user_permissions_8373b171 ON auth_user_user_permissions USING btree (permission_id);


--
-- Name: auth_user_user_permissions_e8701ad4; Type: INDEX; Schema: public; Owner: -
--

CREATE INDEX auth_user_user_permissions_e8701ad4 ON auth_user_user_permissions USING btree (user_id);


--
-- Name: auth_user_username_6821ab7c_like; Type: INDEX; Schema: public; Owner: -
--

CREATE INDEX auth_user_username_6821ab7c_like ON auth_user USING btree (username varchar_pattern_ops);


--
-- Name: django_admin_log_417f1b1c; Type: INDEX; Schema: public; Owner: -
--

CREATE INDEX django_admin_log_417f1b1c ON django_admin_log USING btree (content_type_id);


--
-- Name: django_admin_log_e8701ad4; Type: INDEX; Schema: public; Owner: -
--

CREATE INDEX django_admin_log_e8701ad4 ON django_admin_log USING btree (user_id);


--
-- Name: django_session_de54fa62; Type: INDEX; Schema: public; Owner: -
--

CREATE INDEX django_session_de54fa62 ON django_session USING btree (expire_date);


--
-- Name: django_session_session_key_c0390e0f_like; Type: INDEX; Schema: public; Owner: -
--

CREATE INDEX django_session_session_key_c0390e0f_like ON django_session USING btree (session_key varchar_pattern_ops);


--
-- Name: auth_group_permiss_permission_id_84c5c92e_fk_auth_permission_id; Type: FK CONSTRAINT; Schema: public; Owner: -
--

ALTER TABLE ONLY auth_group_permissions
    ADD CONSTRAINT auth_group_permiss_permission_id_84c5c92e_fk_auth_permission_id FOREIGN KEY (permission_id) REFERENCES auth_permission(id) DEFERRABLE INITIALLY DEFERRED;


--
-- Name: auth_group_permissions_group_id_b120cbf9_fk_auth_group_id; Type: FK CONSTRAINT; Schema: public; Owner: -
--

ALTER TABLE ONLY auth_group_permissions
    ADD CONSTRAINT auth_group_permissions_group_id_b120cbf9_fk_auth_group_id FOREIGN KEY (group_id) REFERENCES auth_group(id) DEFERRABLE INITIALLY DEFERRED;


--
-- Name: auth_permiss_content_type_id_2f476e4b_fk_django_content_type_id; Type: FK CONSTRAINT; Schema: public; Owner: -
--

ALTER TABLE ONLY auth_permission
    ADD CONSTRAINT auth_permiss_content_type_id_2f476e4b_fk_django_content_type_id FOREIGN KEY (content_type_id) REFERENCES django_content_type(id) DEFERRABLE INITIALLY DEFERRED;


--
-- Name: auth_user_groups_group_id_97559544_fk_auth_group_id; Type: FK CONSTRAINT; Schema: public; Owner: -
--

ALTER TABLE ONLY auth_user_groups
    ADD CONSTRAINT auth_user_groups_group_id_97559544_fk_auth_group_id FOREIGN KEY (group_id) REFERENCES auth_group(id) DEFERRABLE INITIALLY DEFERRED;


--
-- Name: auth_user_groups_user_id_6a12ed8b_fk_auth_user_id; Type: FK CONSTRAINT; Schema: public; Owner: -
--

ALTER TABLE ONLY auth_user_groups
    ADD CONSTRAINT auth_user_groups_user_id_6a12ed8b_fk_auth_user_id FOREIGN KEY (user_id) REFERENCES auth_user(id) DEFERRABLE INITIALLY DEFERRED;


--
-- Name: auth_user_user_per_permission_id_1fbb5f2c_fk_auth_permission_id; Type: FK CONSTRAINT; Schema: public; Owner: -
--

ALTER TABLE ONLY auth_user_user_permissions
    ADD CONSTRAINT auth_user_user_per_permission_id_1fbb5f2c_fk_auth_permission_id FOREIGN KEY (permission_id) REFERENCES auth_permission(id) DEFERRABLE INITIALLY DEFERRED;


--
-- Name: auth_user_user_permissions_user_id_a95ead1b_fk_auth_user_id; Type: FK CONSTRAINT; Schema: public; Owner: -
--

ALTER TABLE ONLY auth_user_user_permissions
    ADD CONSTRAINT auth_user_user_permissions_user_id_a95ead1b_fk_auth_user_id FOREIGN KEY (user_id) REFERENCES auth_user(id) DEFERRABLE INITIALLY DEFERRED;


--
-- Name: django_admin_content_type_id_c4bce8eb_fk_django_content_type_id; Type: FK CONSTRAINT; Schema: public; Owner: -
--

ALTER TABLE ONLY django_admin_log
    ADD CONSTRAINT django_admin_content_type_id_c4bce8eb_fk_django_content_type_id FOREIGN KEY (content_type_id) REFERENCES django_content_type(id) DEFERRABLE INITIALLY DEFERRED;


--
-- Name: django_admin_log_user_id_c564eba6_fk_auth_user_id; Type: FK CONSTRAINT; Schema: public; Owner: -
--

ALTER TABLE ONLY django_admin_log
    ADD CONSTRAINT django_admin_log_user_id_c564eba6_fk_auth_user_id FOREIGN KEY (user_id) REFERENCES auth_user(id) DEFERRABLE INITIALLY DEFERRED;


--
-- PostgreSQL database dump complete
--

